"","Concentrations of fine particulate matter (PM2.5)","Concentrations of fine particulate matter (PM2.5)","Concentrations of fine particulate matter (PM2.5)","Concentrations of fine particulate matter (PM2.5)","Concentrations of fine particulate matter (PM2.5)","Concentrations of fine particulate matter (PM2.5)","Concentrations of fine particulate matter (PM2.5)","Concentrations of fine particulate matter (PM2.5)","Concentrations of fine particulate matter (PM2.5)","Concentrations of fine particulate matter (PM2.5)","Concentrations of fine particulate matter (PM2.5)","Concentrations of fine particulate matter (PM2.5)","Concentrations of fine particulate matter (PM2.5)","Concentrations of fine particulate matter (PM2.5)","Concentrations of fine particulate matter (PM2.5)","Concentrations of fine particulate matter (PM2.5)","Concentrations of fine particulate matter (PM2.5)","Concentrations of fine particulate matter (PM2.5)","Concentrations of fine particulate matter (PM2.5)","Concentrations of fine particulate matter (PM2.5)","Concentrations of fine particulate matter (PM2.5)"
""," 2016"," 2016"," 2016"," 2015"," 2015"," 2015"," 2014"," 2014"," 2014"," 2013"," 2013"," 2013"," 2012"," 2012"," 2012"," 2011"," 2011"," 2011"," 2010"," 2010"," 2010"
"Country"," Total"," Urban"," Rural"," Total"," Urban"," Rural"," Total"," Urban"," Rural"," Total"," Urban"," Rural"," Total"," Urban"," Rural"," Total"," Urban"," Rural"," Total"," Urban"," Rural"
"Afghanistan","55.14 [31.15-93.7]","63.61 [33.83-115.97]","52.84 [29.23-94.73]","54.89 [30.79-95.13]","63.43 [33.56-114.58]","52.58 [29.44-94.6]","59.05 [33.24-104.17]","68.17 [36.93-124.36]","56.65 [31.74-99.81]","54.89 [31.02-94.82]","62.99 [34.37-113.58]","52.66 [30.29-92.31]","54.67 [31.24-95.66]","63.35 [33.12-114.87]","52.37 [29.73-93.18]","50.3 [27.85-87.02]","58.08 [30.85-109.37]","48.3 [27.24-87.64]","49.8 [29.31-86.77]","57.34 [31.14-104.82]","47.75 [28.52-86.94]"
"Albania","18.07 [16.61-21.04]","19.32 [17.36-21.49]","17.2 [15.8-20.71]","19.06 [17.67-22.1]","20.49 [18.41-22.62]","18.17 [16.65-21.89]","19.8 [18.36-23.19]","21.23 [19.11-23.49]","18.93 [17.43-22.85]","19.91 [18.41-23.27]","21.35 [19.21-23.67]","19.08 [17.47-23.04]","20.82 [19.19-24.27]","22.36 [20.06-24.62]","19.9 [18.27-24.1]","22.77 [21.05-26.52]","24.46 [22.06-26.98]","21.8 [19.96-26.22]","20.09 [18.61-23.59]","21.59 [19.36-23.89]","19.38 [17.75-23.78]"
"Algeria","35.18 [23.11-60.4]","34.13 [21.4-57.54]","39.57 [26.46-69.37]","34.37 [22.6-58.42]","33.52 [21.26-56.91]","37.65 [25.45-64.6]","33.78 [22.44-56.22]","33.08 [20.82-54.74]","36.23 [25.35-61.87]","31.09 [21.19-52.04]","30.26 [19.51-50.17]","34.47 [24.65-58.42]","30.21 [20.44-49.67]","29.69 [19.13-48.46]","32.05 [23.28-53]","29.67 [20.33-48.54]","29.01 [18.75-46.69]","32.1 [23.38-53.73]","30.01 [20.71-49.26]","29.23 [18.89-47.09]","33.08 [24.24-56.76]"
"Andorra","8.71 [8.05-10.32]","9.47 [8.42-10.67]","7.99 [6.67-9.49]","9.87 [9.12-11.7]","10.74 [9.5-12.09]","8.97 [7.46-10.65]","9.31 [8.6-11.06]","10.1 [8.95-11.33]","8.49 [7.06-10.06]","10.59 [9.82-12.59]","11.51 [10.19-12.94]","9.62 [8.03-11.47]","11 [10.15-13.05]","11.92 [10.54-13.46]","9.96 [8.3-11.89]","12.18 [11.17-14.47]","13.18 [11.62-14.94]","10.99 [9.16-13.07]","11.69 [10.74-13.82]","12.66 [11.15-14.25]","10.56 [8.78-12.54]"
"Angola","38.29 [22.61-67.74]","40.32 [21.91-75.78]","37.36 [23.28-64.4]","38.1 [22.63-66.84]","39.17 [21.49-72.18]","37.64 [23.41-63.98]","36.8 [22.01-64.9]","37.43 [21.16-68.58]","36.48 [22.62-63.39]","39.63 [23.48-70.47]","40.77 [22.29-75.94]","39.19 [23.87-68.42]","35.69 [22.05-60.93]","35 [20.77-61.01]","36.01 [22.72-61.82]","37.19 [22.39-64.51]","36.71 [21.09-66]","37.33 [22.89-64.6]","36.67 [22.32-64.2]","36.5 [21.02-66.39]","36.7 [22.66-64.24]"
"Antigua and Barbuda","21.03 [10.12-43.22]","21.15 [10.2-43.31]","15.92 [7.27-36.47]","20.99 [10.73-42.26]","21.05 [10.74-42.42]","16.17 [7.32-35.19]","20.62 [10.18-42.44]","20.77 [10.29-42.53]","15.79 [7.06-35.18]","20.14 [9.56-41.76]","20.43 [9.67-41.87]","15.71 [6.72-38.15]","20.37 [9.37-42.28]","20.44 [9.44-42.59]","15.53 [6.61-36.15]","20.27 [9.95-41.49]","20.45 [10.01-41.76]","15.66 [6.64-37.06]","20.1 [9.83-43.55]","20.27 [9.89-43.75]","15.4 [6.75-39.42]"
"Argentina","12.58 [10.81-18.72]","12.35 [11.06-17.36]","13.15 [10.33-21.21]","12.5 [10.73-18.38]","12.24 [10.94-16.88]","13.23 [10.31-20.91]","11.98 [10.31-17.51]","11.75 [10.54-15.89]","12.63 [9.77-19.78]","12.4 [10.62-18.33]","12.11 [10.84-16.95]","13.21 [10.26-20.56]","11.42 [9.8-16.93]","11.17 [10.09-15.33]","12.14 [9.47-19.14]","11.64 [10.11-18.02]","11.35 [10.25-16.13]","12.44 [9.8-20.27]","11.42 [9.78-18.05]","11.08 [10.02-15.59]","12.36 [9.27-20.55]"
"Armenia","33.84 [24.47-51.88]","45.53 [30.41-67.63]","26.03 [18.99-37.84]","32.76 [23.45-48.59]","44.09 [29.33-65.14]","25.28 [18.07-36.45]","32.12 [24.04-48.52]","43.04 [30.23-67.55]","24.72 [18.28-36.44]","34.03 [24.61-54.89]","45.93 [30.49-72.66]","26.24 [19.08-39.86]","36.63 [26.7-57.74]","49.53 [32.79-78.18]","28.29 [20.58-43.43]","35.02 [25.79-55.8]","47.18 [31.92-72.39]","27.01 [19.38-41.34]","28.3 [19.17-46.13]","38.06 [23.99-59.14]","21.84 [15.18-33.31]"
"Australia","7.14 [6.29-8.68]","7.29 [6.4-8.89]","6.21 [5.59-7.61]","7.19 [6.25-8.93]","7.35 [6.36-9.17]","6.23 [5.57-7.65]","7.22 [6.25-8.89]","7.37 [6.33-9.11]","6.28 [5.63-7.58]","7.35 [6.44-9.02]","7.5 [6.57-9.23]","6.39 [5.7-7.81]","7.6 [6.51-9.36]","7.76 [6.61-9.65]","6.63 [5.86-8.19]","7.23 [6.2-9.03]","7.37 [6.34-9.24]","6.29 [5.54-7.73]","7.44 [6.38-9.3]","7.59 [6.47-9.51]","6.48 [5.75-8.02]"
"Austria","12.15 [11.84-12.61]","12.95 [12.49-13.33]","10.54 [10.21-11.06]","13.41 [13.04-13.92]","14.28 [13.79-14.68]","11.6 [11.27-12.22]","12.82 [12.49-13.3]","13.6 [13.17-14.05]","11.2 [10.84-11.72]","13.98 [13.61-14.5]","14.85 [14.34-15.34]","12.22 [11.79-12.8]","14.26 [13.93-14.81]","15.16 [14.66-15.65]","12.47 [12.09-13.07]","15.86 [15.49-16.49]","16.87 [16.32-17.46]","13.83 [13.45-14.54]","15.49 [15.12-16.12]","16.49 [15.95-17.03]","13.55 [13.08-14.2]"
"Azerbaijan","20.99 [12.36-36.96]","23.21 [13.35-42.03]","18.74 [11.37-32.82]","20.19 [12.17-34.8]","22.41 [12.52-39.69]","18.07 [11.17-30.6]","19.65 [11.7-34.27]","21.68 [12.64-39.35]","17.58 [10.77-30.21]","20.82 [12.89-37.36]","22.87 [13.64-42.01]","18.58 [12.15-32.47]","22.17 [13.72-38.09]","24.38 [14.43-43.52]","19.77 [12.38-33.1]","21.53 [12.99-36.45]","23.68 [13.95-42.46]","19.24 [11.95-31.15]","17.49 [10.77-29.75]","19.29 [11.49-34.04]","15.63 [9.88-25.67]"
"Bahamas","16.57 [8.02-38.84]","17.74 [9.03-42.11]","14.57 [6.59-34.71]","16.74 [8.2-38.24]","17.63 [9-40.97]","14.73 [6.76-33.34]","16.66 [8.12-37.13]","17.78 [8.87-39.91]","14.75 [6.54-32.37]","16.58 [7.72-35.59]","17.85 [8.74-38.34]","14.5 [6.19-32.24]","16.08 [8.17-35.23]","17.35 [8.95-36.98]","14.51 [6.47-30.69]","16.18 [8-35.22]","17.42 [8.63-37.66]","14.27 [6.39-31.55]","16.31 [7.3-36.29]","17.7 [8.16-38.81]","14.42 [5.85-33.2]"
"Bahrain","63.21 [52.3-82.02]","63.32 [51.92-82.37]","61.73 [48.46-83.83]","65.92 [54.29-87.62]","65.92 [54.17-87.94]","65.1 [50.74-89.06]","57.7 [48.32-71.59]","57.73 [48.18-71.92]","56.87 [45.29-76.06]","66.56 [53.11-87.78]","66.54 [53.3-88.23]","66.58 [50.77-90.92]","62.6 [50.24-81.68]","62.61 [50.22-81.72]","61.46 [48.08-83.2]","58.96 [48.97-73.43]","58.98 [48.64-73.76]","58.41 [46.49-77.31]","58.94 [48.51-74.08]","58.97 [48.46-74.32]","58.45 [46.59-79.03]"
"Bangladesh","62.79 [53.88-74.26]","64.13 [54.5-74.88]","58.69 [49.58-71.49]","64.02 [54.53-76]","65.5 [55.4-77.18]","59.58 [50.32-72.49]","68.24 [57.89-81.45]","69.78 [59.42-82.43]","63.7 [54.08-77.61]","61.1 [51.6-72.93]","62.39 [53.04-73.92]","57.19 [48.36-70.19]","60.54 [51.3-72]","61.7 [52.64-73.15]","56.99 [48.2-69]","54.17 [45.93-64.44]","55.3 [47.01-66.04]","50.8 [42.29-62.85]","56.03 [45.75-70.34]","57.18 [46.9-71.03]","52.64 [42.83-68.53]"
"Barbados","24.82 [12.38-53.12]","25.42 [12.51-52.96]","23.89 [11.48-50.78]","25.23 [13.16-52.09]","25.9 [13.36-52.38]","23.85 [12.09-51.9]","24.61 [12.3-49.53]","25.01 [12.58-50.62]","23.24 [11.5-47.16]","24.51 [12.58-47.83]","24.92 [12.94-48.19]","22.94 [11.41-47.46]","24.55 [11.88-49.87]","24.99 [12.3-50.25]","22.96 [10.67-48.31]","24.55 [12.33-50.07]","25.18 [12.62-50.45]","23.19 [11.69-48.64]","24.25 [12.14-50.91]","24.69 [12.75-50.86]","22.93 [10.78-50.26]"
"Belarus","16.36 [14.72-19.61]","18.12 [16.57-21.48]","14.35 [12.17-17.37]","18.19 [16.01-21.66]","20.23 [18.12-23.77]","15.97 [13.54-19.67]","19.35 [17.42-23.18]","21.46 [19.69-25.46]","17.09 [14.62-20.94]","19.25 [17.43-23.07]","21.4 [19.54-25.46]","17.01 [14.57-21.14]","19.05 [17-22.86]","21.21 [19.17-25.07]","16.88 [14.36-20.75]","19.57 [17.55-23.55]","21.75 [19.92-25.58]","17.38 [14.56-21.6]","20.97 [18.92-25.25]","23.41 [21.36-27.9]","18.63 [15.88-23.04]"
"Belgium","12.68 [12.32-13.26]","12.78 [12.47-13.43]","9.1 [8.77-9.99]","13.66 [13.27-14.29]","13.77 [13.44-14.49]","9.88 [9.47-10.85]","12.82 [12.4-13.41]","12.92 [12.55-13.6]","9.27 [8.92-10.19]","14.12 [13.68-14.75]","14.22 [13.84-14.96]","10.35 [9.96-11.37]","14.73 [14.27-15.41]","14.84 [14.45-15.61]","10.64 [10.24-11.68]","16.28 [15.78-16.99]","16.41 [15.96-17.22]","11.75 [11.31-12.94]","16.43 [15.94-17.13]","16.57 [16.13-17.39]","11.82 [11.36-12.98]"
"Belize","20.61 [7.89-56.55]","20.7 [7.55-56.04]","20.6 [7.9-56.86]","20.32 [8.45-54.36]","20.49 [8.5-53.21]","20.3 [8.43-54.46]","19.84 [8.33-53.43]","19.97 [8.39-52.75]","19.83 [8.3-53.61]","21.02 [8.47-56.66]","20.77 [8.66-55.79]","21.05 [8.5-56.71]","20.44 [8.57-55.66]","20.31 [8.22-53.1]","20.46 [8.6-55.95]","20.84 [8.26-59.41]","20.67 [8.27-55.85]","20.86 [8.25-59.67]","20.36 [8.36-56.87]","20.19 [8.24-53.42]","20.39 [8.34-57.17]"
"Benin","42.17 [29.78-72.44]","38.8 [26.26-56.93]","45.38 [30.91-83.4]","42.85 [30.13-74.77]","39.3 [26.63-57.51]","46.27 [31.14-87.5]","34.95 [26.41-54.93]","32.96 [24.56-45.93]","36.86 [26.85-59.98]","37.91 [27.71-59.6]","35.94 [25.52-50.74]","39.65 [27.76-63.83]","36.05 [27.1-58.71]","34.18 [25.12-49.19]","37.71 [26.75-64.91]","38.68 [28.2-61.2]","36.38 [25.76-51.39]","40.75 [28.46-66.73]","36.14 [27.34-57.83]","34 [24.8-49.18]","38.1 [27.36-64.34]"
"Bhutan","37.57 [34.16-47.44]","36.9 [39.67-50.29]","37.68 [32.78-46.72]","37.24 [33.85-46.68]","36.59 [38.99-49.69]","37.4 [32.5-46.11]","39.92 [36.44-50.67]","39.36 [42.07-54.05]","40 [35.03-49.82]","37.19 [33.61-47.01]","36.55 [38.73-49.25]","37.31 [32.25-46.02]","35.66 [32.38-44.07]","34.9 [37.54-47.43]","35.79 [31.01-43.58]","32.54 [28.96-41.31]","31.85 [33.32-43.91]","32.67 [27.82-40.74]","33.75 [29.54-43.68]","33.27 [33.99-47.82]","33.82 [28.09-42.68]"
"Bolivia (Plurinational State of)","26.06 [18.74-39.43]","27.29 [21.44-38.52]","25.18 [16.76-40.31]","25.92 [19.07-39.52]","27.02 [21.25-39.01]","25.11 [16.8-39.97]","27.36 [20-40.17]","28.78 [23.25-40.04]","26.36 [17.48-40.84]","26.23 [19.09-39.88]","27.76 [22.14-39.35]","25.21 [16.59-39.57]","26.29 [19.11-39.18]","27.6 [21.55-39.44]","25.35 [17.12-39.57]","25 [18.49-37.08]","26.25 [20.8-37.67]","24.13 [16.3-38.25]","27.2 [20.16-41.93]","28.49 [22.81-41.59]","26.33 [17.81-42.48]"
"Bosnia and Herzegovina","28.14 [24.77-30.89]","30.69 [26.71-33.33]","24.86 [22.34-28]","29.9 [26.32-32.92]","32.71 [28.53-35.95]","26.28 [23.68-29.77]","30.98 [27.6-34.37]","33.84 [29.69-37.19]","27.35 [24.71-31]","30.99 [27.23-34.34]","33.82 [29.37-37.09]","27.43 [24.61-31.15]","32.49 [28.54-36.02]","35.45 [30.87-39.05]","28.65 [25.78-32.53]","35.83 [31.47-39.63]","39.22 [33.99-42.9]","31.51 [28.27-35.8]","32.26 [28.52-36]","35.26 [30.78-38.83]","28.46 [25.68-32.41]"
"Botswana","25.16 [17.75-37.45]","25.05 [17.42-37.76]","25.18 [18.01-38.35]","27.7 [19.3-40.41]","28.44 [19.46-43.17]","27.52 [19.22-40.87]","22.33 [15.92-33.7]","22.31 [15.04-33.68]","22.34 [16.05-33.92]","23.58 [16.76-35.59]","22.93 [15.46-33.98]","23.75 [17.06-36.52]","23.68 [16.35-34.85]","23.8 [16.08-35.24]","23.65 [16.55-35.84]","23.53 [16.74-35.45]","23.33 [15.88-34.69]","23.59 [16.99-36.39]","26.32 [18.25-38.83]","26.49 [18.53-40.05]","26.27 [18.39-38.96]"
"Brazil","11.62 [10.63-13.69]","11.76 [10.75-13.66]","10.85 [9.25-14.81]","11.77 [10.83-13.89]","11.92 [11.04-13.74]","10.97 [9.39-14.74]","13.11 [12.02-15.47]","13.26 [12.24-15.25]","12.27 [10.46-16.57]","13.27 [12.21-15.63]","13.4 [12.43-15.46]","12.51 [10.63-16.92]","14.1 [13.03-16.76]","14.24 [13.22-16.61]","13.32 [11.22-18.36]","14.74 [13.59-17.25]","14.92 [13.84-17.13]","13.79 [11.83-18.63]","14.37 [13.23-16.97]","14.53 [13.47-16.84]","13.5 [11.54-18.39]"
"Brunei Darussalam","7.51 [6.07-9.45]","7.44 [5.97-9.36]","7.8 [6.24-9.82]","7.35 [5.95-9.1]","7.3 [5.84-9.09]","7.66 [6.24-9.51]","7.29 [5.76-9.39]","7.2 [5.68-9.33]","7.67 [6.17-9.59]","7.32 [5.81-9.4]","7.26 [5.7-9.38]","7.7 [6.16-9.8]","7.93 [6.14-10.54]","7.85 [6.1-10.49]","8.33 [6.46-11.08]","7.09 [5.7-9.18]","7.03 [5.6-9.1]","7.42 [5.97-9.7]","6.5 [5.36-8.06]","6.46 [5.25-7.97]","6.76 [5.53-8.46]"
"Bulgaria","19.04 [18.46-20.76]","21.08 [20.22-22.36]","17.82 [16.71-19.34]","20.07 [19.58-21.91]","22.31 [21.33-23.72]","18.78 [17.75-20.39]","21.58 [21.07-23.57]","24.07 [23.11-25.57]","20.17 [19.04-21.9]","20.8 [20.31-22.72]","23.14 [22.29-24.53]","19.49 [18.44-21.17]","22.35 [21.69-24.28]","24.77 [23.6-26.29]","20.97 [19.65-22.56]","24.55 [23.96-26.72]","27.32 [26.27-29.08]","23.05 [21.68-24.94]","21.56 [21.02-23.43]","23.79 [22.85-25.25]","20.29 [19.15-22.06]"
"Burkina Faso","55.96 [31.32-106.42]","54.22 [27.41-113.62]","56.48 [32.42-106.2]","58.5 [32.08-113.52]","56.66 [28.66-121.94]","59.01 [33.27-113.02]","46.56 [27.95-83.99]","45.37 [23.83-89.62]","46.81 [28.81-83.22]","45.24 [27.56-80.43]","44.4 [23.31-87.08]","45.41 [28.19-79.49]","49.53 [29.14-91.47]","48.27 [25.08-97.68]","49.81 [29.97-91.29]","51.66 [30.22-96.97]","50.43 [25.99-101.64]","51.95 [30.69-96.57]","50.63 [29.97-94.76]","49.09 [25.51-98.76]","50.96 [30.51-94.44]"
"Burundi","36.81 [19.95-66.35]","37.25 [19.82-69.77]","36.56 [19.98-64.77]","35.95 [19.65-64.39]","36.31 [19.58-67.9]","35.74 [19.69-62.72]","35.5 [19.45-62.5]","35.88 [19.2-65.88]","35.29 [19.55-61.36]","36.91 [20.12-66.71]","37.39 [19.98-70.21]","36.67 [20.2-65.17]","36.11 [19.71-66.29]","36.53 [19.6-68.45]","35.96 [19.69-64.9]","34.46 [18.85-59.57]","34.92 [18.68-63.15]","34.21 [18.93-58.33]","35.09 [18.74-59.92]","35.59 [18.71-62.3]","34.84 [18.74-59.12]"
"Cabo Verde","62.2 [36.01-110.34]","62.05 [35.55-108.84]","62.87 [36.71-112.38]","72.61 [40.52-136.32]","72.46 [39.94-135.57]","73.51 [42.02-138.21]","60.25 [35.14-105.5]","59.98 [34.67-103.87]","61.05 [36.02-109.12]","60.98 [35.52-106.84]","60.62 [35.05-105.58]","61.79 [36.4-110.61]","64.29 [36.84-115.33]","64.2 [36.44-114.29]","64.67 [37.86-116.62]","60.96 [35.55-106.93]","60.72 [35.1-105.95]","61.65 [36.38-110.56]","47.84 [28.86-78.64]","47.57 [28.49-78.53]","48.18 [29.23-81.1]"
"Cambodia","25.05 [16.59-39.35]","27.21 [17.26-46.9]","24.51 [16.4-38.11]","23.5 [15.34-37.45]","25.78 [15.98-43.43]","22.98 [15.17-36.45]","23.95 [15.93-37.17]","25.96 [16.41-44.22]","23.46 [15.86-36.49]","26.04 [17.52-40.61]","28.35 [17.9-48.36]","25.52 [17.47-39.29]","25.83 [17.08-40.03]","28.32 [17.48-45.78]","25.3 [16.85-39.5]","23.15 [15.02-36.32]","25.09 [16.2-41.58]","22.74 [14.83-35.91]","28.56 [18.8-45.08]","31.06 [19.18-51.56]","28.03 [18.66-44.18]"
"Cameroon","65.42 [48.18-107.89]","64.27 [47.96-102.91]","66.63 [47.32-116.73]","68.42 [49.96-114.08]","66.78 [51.37-109.48]","69.99 [49.59-127.89]","55.89 [42.08-82.91]","55.7 [43.8-83.14]","56.11 [40.45-89.05]","57.72 [43.46-88.62]","57.32 [45.07-85.67]","58.18 [41.94-94.5]","58.97 [45.06-95.33]","57.98 [45.9-87.49]","59.94 [43.2-102.26]","57 [43.07-87.89]","56.53 [44.6-83.89]","57.56 [41.51-93.51]","58.25 [43.66-91]","58.09 [45.67-86.36]","58.4 [41.97-95.36]"
"Canada","6.41 [6.19-6.61]","6.69 [6.48-6.96]","4.93 [4.8-5.19]","7.33 [7.08-7.55]","7.66 [7.41-7.96]","5.65 [5.51-5.98]","7.56 [7.33-7.83]","7.91 [7.68-8.23]","5.86 [5.73-6.2]","7.63 [7.41-7.92]","7.97 [7.76-8.31]","5.93 [5.78-6.27]","8.13 [7.83-8.37]","8.51 [8.23-8.84]","6.27 [6.1-6.61]","8.08 [7.82-8.33]","8.47 [8.23-8.8]","6.22 [6.03-6.55]","8.21 [7.99-8.55]","8.56 [8.38-8.98]","6.46 [6.28-6.85]"
"Central African Republic","43.27 [24.4-82.03]","42.9 [21.02-84.62]","43.45 [26.21-79.26]","44.82 [24.93-84.25]","43.89 [22.02-86.42]","45.29 [26.85-82.55]","39.03 [23.16-70.2]","39.64 [20.24-72.48]","38.77 [24.74-67.56]","42.13 [24.5-75.16]","42.06 [21.44-78.5]","42.14 [25.77-74.68]","41.46 [24.29-76.83]","41.3 [20.84-77.22]","41.52 [25.7-74.52]","40.81 [24.1-74.27]","40.94 [20.72-76.8]","40.73 [25.29-72.88]","39.94 [23.95-72.75]","40.08 [20.39-72.96]","39.88 [25.2-70.31]"
"Chad","64.27 [39.6-137.09]","66.75 [38.77-162.36]","63.61 [38.9-131.01]","66.33 [40.7-146.04]","70.75 [40.01-176.46]","65.33 [39.88-137.85]","51.62 [33.6-101.21]","54.81 [33.46-117.71]","50.96 [32.99-96.27]","57.1 [36.07-114.78]","59.34 [35.07-126.89]","56.6 [35.43-108.46]","58.46 [36.53-121.38]","62.11 [35.96-144.13]","57.68 [36.16-113.56]","55.78 [35.63-111.49]","57.63 [34.51-122.03]","55.39 [35-106.59]","55.79 [35.02-112.51]","58.59 [34.9-130.02]","55.19 [34.41-107.77]"
"Chile","23.92 [21.89-25.43]","26.34 [23.93-27.58]","20.13 [18.49-22.93]","24.14 [22.23-25.47]","26.58 [24.35-27.74]","20.35 [18.8-23.1]","22.83 [20.98-24.29]","25.12 [23.04-26.15]","19.29 [17.83-22.16]","23.5 [21.54-25.31]","25.88 [23.52-27.3]","19.9 [18.34-22.91]","21.88 [19.64-23.78]","24.09 [21.65-25.42]","18.55 [16.8-21.93]","22.64 [20.6-24.77]","24.85 [22.56-26.69]","19.16 [17.64-22.65]","21.92 [19.94-23.93]","24.16 [21.71-25.59]","18.59 [17-21.89]"
"China","45.76 [45.86-50.03]","48.77 [48.21-52.76]","42.43 [42.68-47.12]","50.28 [49.67-54.37]","54.1 [52.38-57.35]","46.12 [45.95-51.05]","52.96 [52.66-58.2]","56.27 [55.5-61.12]","49.34 [48.97-54.7]","54.84 [52.4-65.51]","58.64 [55.09-69.24]","50.74 [48.99-61.21]","50.64 [46.46-60.91]","53.53 [48.66-64.05]","47.54 [43.44-57.3]","48.55 [44.42-57.61]","51.74 [46.8-60.38]","45.15 [41.54-54.27]","46.75 [45.8-51.34]","49.63 [48.07-54.02]","43.49 [43.05-48.41]"
"Colombia","18.45 [15.33-25.99]","19.03 [15.41-26.8]","17.85 [14.42-25.54]","18.64 [15.46-25.81]","19.27 [15.77-27.01]","18 [14.71-25.54]","19.25 [15.92-26.95]","19.86 [16.07-27.24]","18.59 [15.07-26.55]","19.68 [15.98-27.19]","20.34 [16.33-28.04]","19 [15.13-27.11]","19.46 [16.14-27.36]","20.09 [16.34-27.35]","18.82 [15.2-27.09]","20.32 [16.55-28.41]","20.96 [17.08-29.16]","19.6 [15.99-27.6]","19.9 [16.04-28.42]","20.49 [16.71-29.15]","19.26 [15.24-27.94]"
"Comoros","15.34 [8.58-25.21]","15.49 [8.63-26.03]","15.28 [8.56-24.98]","16.17 [9-26.73]","16.29 [9.04-27.17]","16.11 [8.99-26.5]","14.78 [8.3-24.15]","14.85 [8.32-24.79]","14.75 [8.29-23.95]","14.56 [8.2-23.79]","14.7 [8.24-24.48]","14.51 [8.18-23.55]","14.65 [8.24-23.9]","14.67 [8.24-24.43]","14.64 [8.24-23.72]","14.65 [8.24-23.87]","14.66 [8.24-24.41]","14.64 [8.24-23.69]","14.32 [8.07-23.3]","14.32 [8.05-23.85]","14.32 [8.06-23.18]"
"Congo","42.88 [25.79-78.44]","44.42 [21.39-92.26]","41.67 [26.22-80.07]","42.28 [25.26-75.66]","43.82 [21.73-86.49]","40.77 [26.08-76.23]","44.06 [26.9-82.06]","46.13 [23.4-88.36]","42.01 [26.93-73.26]","43.98 [26.88-81.87]","45.96 [23.4-87.27]","41.97 [26.85-74.11]","41.7 [25.27-76.06]","42.84 [22.4-79.34]","40.63 [26.07-70.42]","42.06 [25.54-76.77]","43.12 [22.54-80.23]","40.8 [26.04-70.8]","45.11 [26.74-84.27]","45.7 [24.16-87.74]","44.21 [27.9-76.69]"
"Cook Islands","8.87 [4.75-14.48]","","8.87 [4.75-14.48]","8.43 [4.35-14.33]","","8.43 [4.35-14.33]","8.06 [4.08-14.2]","","8.06 [4.08-14.2]","7.57 [3.88-13.01]","","7.57 [3.88-13.01]","7.78 [4.08-12.96]","","7.78 [4.08-12.96]","7.25 [3.58-12.24]","","7.25 [3.58-12.24]","7.59 [3.85-12.75]","","7.59 [3.85-12.75]"
"Costa Rica","18.69 [16.06-21.54]","18.64 [16.13-21.31]","18.83 [15.38-23.47]","18.81 [16.42-21.96]","18.75 [16.59-21.57]","19.02 [15.55-23.57]","19.21 [16.64-22.51]","19.16 [16.89-22.27]","19.42 [15.7-24.31]","19.67 [17.29-22.48]","19.63 [17.3-22.16]","19.83 [16.18-24.95]","19.46 [17.07-22.84]","19.41 [16.98-22.12]","19.63 [15.9-24.67]","20.63 [17.74-24.09]","20.6 [17.95-23.67]","20.79 [16.63-26.45]","19.8 [16.84-23.16]","19.78 [17.14-22.74]","19.99 [15.89-25.53]"
"CÃ´te d'Ivoire","57.65 [33.86-97.85]","58.47 [35.12-94.32]","56.71 [32.67-100.51]","58.1 [34.42-100.71]","58.76 [35.05-95.99]","57.33 [32.99-103.25]","44.81 [28.54-70.84]","44.86 [29.22-67.55]","44.77 [27.42-73.91]","49.46 [30.26-77.92]","50.82 [31.52-76.84]","48.14 [29.04-79.41]","47.66 [28.83-79.3]","48.82 [29.68-79.06]","46.61 [28.01-81.45]","52.84 [31.75-85.23]","53.93 [32.84-84.02]","51.7 [30.69-87.67]","45.23 [28.37-72.98]","45.32 [28.83-70]","45.08 [27.34-75.24]"
"Croatia","17.26 [15.93-18.95]","17.75 [16.33-19.46]","16.12 [15.25-18.44]","18.33 [17.03-20.23]","18.87 [17.39-20.66]","17.11 [16.15-19.62]","18.34 [17.14-20.42]","18.81 [17.33-20.78]","17.31 [16.46-19.89]","18.87 [17.51-20.76]","19.38 [17.83-21.26]","17.71 [16.72-20.17]","19.16 [17.81-21.36]","19.63 [18.05-21.74]","18.05 [17.22-20.85]","21.33 [19.83-23.66]","21.89 [20.23-24.19]","20.04 [19.13-22.95]","19.7 [18.16-21.74]","20.23 [18.61-22.26]","18.51 [17.29-21.31]"
"Cuba","19.11 [12.57-31.48]","22.68 [15.09-34.04]","16.35 [9.19-29.77]","19.43 [13.22-31.38]","23.03 [15.95-33.31]","16.56 [9.68-29.89]","19.25 [12.72-30.91]","22.75 [15.08-34.3]","16.43 [9.36-29.2]","19.47 [12.71-31.25]","22.94 [15.4-35.03]","16.57 [9.55-29.62]","19.38 [12.7-31.89]","22.98 [14.79-35.89]","16.62 [9.48-29.42]","18.91 [11.91-32.48]","22.5 [14.11-33.72]","16.12 [8.92-30.27]","18.79 [11.61-32.76]","22.05 [14.4-35.4]","16.11 [9.01-30.55]"
"Cyprus","14.72 [12.98-16.43]","15.59 [13.87-17.07]","12.95 [10.68-15.13]","16.89 [14.91-18.9]","17.92 [15.96-19.54]","14.76 [12.15-17.22]","16.11 [14.19-18.03]","17.08 [15.21-18.69]","14.14 [11.63-16.57]","16.75 [14.83-18.74]","17.75 [15.86-19.41]","14.73 [12.12-17.28]","17.64 [15.53-19.77]","18.68 [16.66-20.46]","15.52 [12.77-18.16]","18.63 [16.42-20.88]","19.73 [17.63-21.57]","16.41 [13.53-19.26]","18.07 [15.96-20.26]","19.19 [17.07-20.92]","15.95 [13.13-18.72]"
"Czechia","15.41 [15.7-16.82]","15.82 [16.22-17.38]","13.94 [13.58-14.91]","16.47 [16.87-17.95]","16.93 [17.49-18.61]","14.89 [14.63-16.04]","17.38 [17.63-18.81]","17.88 [18.26-19.49]","15.74 [15.28-16.78]","17.33 [17.75-18.83]","17.8 [18.36-19.48]","15.77 [15.35-16.98]","17.75 [18.14-19.29]","18.24 [18.8-19.94]","16.06 [15.7-17.22]","19.31 [19.78-21.04]","19.85 [20.52-21.74]","17.49 [17.07-18.77]","19.57 [19.99-21.29]","20.15 [20.77-21.99]","17.67 [17.19-18.8]"
"Democratic People's Republic of Korea","38.89 [29.3-52.96]","39.74 [29.27-54.54]","36.64 [27.94-50.07]","43.25 [32.16-59.31]","44.3 [32.1-61.45]","40.39 [31.07-54.95]","43.36 [32.51-59.27]","44.38 [32.47-61.34]","40.59 [31.05-55.47]","45.09 [33.99-62.38]","46.16 [34.5-64.08]","42.09 [32.15-58.89]","41.44 [30.77-57.17]","42.4 [31.06-59.55]","38.74 [29.6-54.06]","39.13 [28.82-54.27]","40.02 [29.35-56.81]","36.66 [27.71-51.92]","37.8 [27.95-51.73]","38.64 [28.22-53.65]","35.45 [27.03-48.13]"
"Democratic Republic of the Congo","42.5 [29.53-70.72]","43.35 [28.44-74.45]","42.04 [28.29-71.77]","42.35 [29.12-70.91]","43.02 [28.31-73.95]","41.95 [28.64-71.61]","42.29 [28.38-68.87]","43.51 [27.57-72.86]","41.57 [28.25-66.4]","43.56 [28.97-71.71]","44.49 [28.18-74.67]","43.02 [29.44-70.18]","41.98 [28.71-69.16]","43.01 [27.85-71.77]","41.37 [28.32-67.92]","41.24 [28.04-66.17]","42.16 [26.9-69.54]","40.69 [27.71-64.92]","43.23 [28.2-71.29]","44.6 [27.14-74.31]","42.42 [28.35-68.76]"
"Denmark","9.85 [9.04-11.11]","10.11 [9.36-11.31]","9.12 [7.91-10.56]","10.6 [9.76-11.93]","10.88 [10.1-12.14]","9.79 [8.51-11.34]","10.66 [9.72-12.02]","10.96 [10.11-12.25]","9.81 [8.53-11.33]","10.74 [9.82-12.12]","11.02 [10.21-12.31]","9.95 [8.63-11.51]","11.08 [10.16-12.5]","11.36 [10.53-12.72]","10.31 [8.98-11.89]","12.96 [11.88-14.58]","13.31 [12.27-14.9]","12 [10.41-13.86]","12.24 [11.19-13.83]","12.56 [11.62-14.06]","11.3 [9.82-13.06]"
"Djibouti","38.34 [19.83-83.71]","38.22 [19.75-87.29]","38.5 [19.61-85.11]","39.34 [20.14-87.22]","39.19 [20.03-90.26]","39.52 [19.98-88.7]","33.17 [18.23-68.84]","32.84 [18-71.65]","33.35 [18.02-70.23]","33.87 [18.64-71.51]","33.79 [18.64-74.1]","33.88 [18.3-72.51]","33.56 [18.26-69.72]","33.47 [18.13-73.47]","33.56 [18.05-70.61]","33.22 [18.21-68.88]","33.37 [18.14-73.44]","33.11 [17.92-69.43]","30.45 [17.27-61.12]","30.49 [17.02-64.28]","30.45 [17.04-61.87]"
"Dominica","20.5 [9.71-44.19]","21.59 [10.56-46.42]","18.76 [8.99-42.13]","20.55 [10.22-44.05]","21.69 [10.95-45.51]","19.01 [9-41.42]","20.04 [9.81-40.12]","20.71 [10.52-42.14]","18.24 [8.63-37.94]","19.83 [9.64-41.8]","20.74 [10.44-43.23]","17.89 [8.3-41.07]","20.05 [9.18-42.02]","20.73 [9.84-43.12]","18.03 [8.17-38.52]","20.09 [9.55-41.43]","20.9 [10.33-42.73]","18.23 [8.2-39.86]","19.83 [9.64-44.81]","20.51 [10.22-46.71]","17.81 [8.72-41.66]"
"Dominican Republic","16.04 [7.86-35.27]","16.53 [8.17-36.61]","13.86 [6.46-28.86]","16.25 [7.74-34.77]","16.81 [8.03-36.44]","13.99 [6.53-29.55]","16.08 [7.85-34.48]","16.59 [8.17-35.74]","13.84 [6.3-29.49]","15.97 [7.64-33.63]","16.47 [7.85-35.11]","13.73 [6.24-27.95]","16.02 [7.6-33.35]","16.54 [7.72-33.77]","13.77 [6.29-28.32]","16.03 [7.51-32.84]","16.57 [7.69-33.98]","13.7 [5.94-27.7]","15.86 [7.39-33.93]","16.43 [7.68-35.17]","13.65 [6.09-30.07]"
"Ecuador","19.55 [15.8-25.41]","19.66 [16.54-24.85]","19.4 [14.89-26.54]","19.4 [15.23-25.65]","19.5 [16.23-24.91]","19.23 [14.27-26.61]","19.62 [15.97-26]","19.68 [16.82-25.02]","19.53 [14.77-27.18]","19.09 [15.05-25.4]","19.13 [15.89-24.2]","19.03 [14.09-26.8]","20.07 [16.15-26.48]","20.17 [16.95-25.97]","19.92 [15-27.76]","18.35 [14.5-24.56]","18.39 [15.37-23.26]","18.28 [13.51-25.67]","19.56 [15.69-25.8]","19.66 [16.35-24.6]","19.43 [14.79-27.09]"
"Egypt","72.31 [52.78-102.94]","72.97 [53.07-103.94]","66.73 [48.78-94.63]","74.52 [54.27-106.71]","75.28 [54.66-107.94]","68.75 [50.02-97.56]","68.74 [50.92-96.64]","69.38 [51.31-97.9]","63.29 [44.51-87.98]","71.11 [52.69-99.83]","71.82 [53.06-100.9]","65.54 [47.41-92.59]","65.27 [49.54-91.8]","65.86 [49.85-92.73]","60.59 [43.59-84.27]","62.02 [47-86.52]","62.51 [47.24-87.4]","57.45 [41.2-79.43]","72.72 [53.34-101.98]","73.44 [53.71-103.06]","67.17 [48.21-94.9]"
"El Salvador","29.14 [19.73-43.58]","29.28 [19.43-43.54]","28.97 [20.06-42.71]","29.42 [19.89-43.14]","29.59 [19.63-44.01]","29.28 [20.25-42.76]","29.65 [20.5-43.28]","29.8 [20.09-44.1]","29.47 [20.39-42.96]","32.12 [21.68-46.36]","32.24 [21.29-47.16]","32.02 [22.15-46.19]","30.91 [21.04-45.22]","30.97 [20.29-44.91]","30.88 [21.43-44.39]","33.43 [22.57-48.14]","33.54 [22.34-48.64]","33.29 [22.98-47.74]","31.27 [21.28-45.03]","31.37 [21.1-45.34]","31.16 [21.24-44.65]"
"Equatorial Guinea","44.47 [24.87-82.69]","45.04 [24.96-89.08]","44.38 [24.38-82.81]","44.01 [24.69-79.09]","45.12 [25.06-86.27]","43.85 [24.31-79.36]","39.02 [22.34-69.33]","39.58 [23.74-70.41]","38.95 [22.25-69.17]","36.93 [21.51-63.78]","38.17 [22.94-67.14]","36.75 [21.44-63.74]","38.4 [22.09-67.25]","39.06 [23.47-68.49]","38.31 [22.05-67.67]","39.48 [22.66-71.04]","40.3 [24.15-72.08]","39.39 [22.57-69.79]","41.46 [24.17-74.49]","42.22 [25.24-76.06]","41.38 [23.85-75.35]"
"Eritrea","37.02 [18.5-69.32]","35.35 [17.42-70.84]","37.69 [18.9-68.99]","37.29 [18.65-70.06]","35.31 [17.44-70.76]","38.06 [19.14-70.04]","32.82 [16.97-59.84]","31.18 [16.01-59.61]","33.43 [17.37-59.9]","37.06 [18.68-70.22]","35.04 [17.37-69.7]","37.87 [19.07-70.52]","34.93 [17.75-64.54]","33.27 [16.71-65.07]","35.55 [18.14-64.47]","35.15 [17.9-65.38]","33.43 [16.84-65.44]","35.8 [18.26-65.42]","34.7 [17.68-63.89]","32.85 [16.6-64.07]","35.38 [18.03-64.05]"
"Estonia","6.41 [5.85-7.26]","6.73 [6.14-7.54]","5.73 [4.99-6.92]","6.8 [6.11-7.77]","7.16 [6.48-8.03]","6.09 [5.29-7.24]","8.16 [7.37-9.45]","8.61 [7.81-9.78]","7.32 [6.41-8.87]","7.57 [6.9-8.64]","7.96 [7.25-8.99]","6.81 [5.95-8.17]","7.54 [6.85-8.56]","7.94 [7.16-8.95]","6.78 [5.93-8.06]","7.79 [7.04-8.89]","8.19 [7.47-9.23]","6.98 [6.14-8.36]","8.56 [7.77-9.8]","9.03 [8.25-10.21]","7.68 [6.67-9.24]"
"Eswatini","19.9 [14.11-28.76]","19.78 [13.77-29.37]","19.94 [14.12-28.39]","23.33 [15.71-33.85]","23.05 [15.27-33.47]","23.43 [15.7-33.96]","20.12 [14.21-29.07]","19.88 [13.81-29.56]","20.19 [14.24-28.84]","21.68 [14.97-31.02]","21.06 [14.34-30.72]","21.85 [15-31.22]","20.26 [14.27-29.08]","19.89 [13.79-29.56]","20.37 [14.33-29.02]","20.85 [14.51-29.84]","20.45 [14.04-30.08]","20.96 [14.6-29.91]","22.04 [15.11-31.66]","21.8 [14.74-31.58]","22.12 [15.11-31.74]"
"Ethiopia","31.85 [22.2-50.09]","31.11 [22.09-47.7]","32.13 [22.28-50.36]","32.37 [22.54-51.08]","31.53 [22.45-48.28]","32.68 [22.61-51.39]","29.19 [20.88-45.14]","28.66 [20.63-43.29]","29.39 [20.78-45.5]","29.57 [21.12-46.32]","28.88 [20.9-43.97]","29.85 [21.04-46.86]","30.32 [21.34-47.14]","29.68 [21.34-44.96]","30.57 [21.49-47.36]","29.88 [21.14-46.23]","29.28 [21.08-44.37]","30.11 [21.15-46.65]","29.15 [20.96-45.41]","28.54 [20.77-43.55]","29.39 [20.74-45.9]"
"Fiji","10.7 [3.48-28.91]","11.07 [3.27-32.84]","10.35 [3.78-25.05]","10.75 [3.29-29.06]","11.1 [3.07-31.96]","10.39 [3.59-23.99]","10.73 [3.26-29.96]","11.07 [3.04-32.83]","10.36 [3.56-26.25]","10.7 [3.07-31.64]","11.08 [2.87-33.8]","10.38 [3.36-26.38]","10.85 [3.05-30.5]","11.24 [2.86-33.64]","10.43 [3.34-25.88]","10.81 [3.19-30.28]","11.14 [2.99-33.07]","10.37 [3.45-25.87]","10.76 [3.14-29.71]","11.24 [2.95-33.6]","10.35 [3.4-25.46]"
"Finland","5.75 [5.42-6.08]","6.48 [6.11-6.89]","5.33 [4.91-5.72]","6.03 [5.65-6.41]","6.68 [6.32-7.14]","5.64 [5.16-6.06]","6.27 [5.91-6.64]","7.04 [6.64-7.5]","5.81 [5.34-6.24]","6.27 [5.86-6.62]","7.03 [6.6-7.46]","5.82 [5.31-6.21]","6.66 [6.24-7.04]","7.46 [7.03-7.94]","6.19 [5.65-6.64]","7.51 [7.02-7.94]","8.41 [7.96-8.95]","6.99 [6.39-7.49]","7.28 [6.82-7.7]","8.16 [7.69-8.67]","6.78 [6.18-7.26]"
"France","11.45 [11.46-11.91]","12.21 [12.13-12.59]","9.64 [9.44-10]","12.5 [12.53-12.99]","13.34 [13.22-13.75]","10.48 [10.26-10.88]","11.84 [11.86-12.32]","12.6 [12.51-12.98]","9.96 [9.74-10.35]","13.43 [13.42-13.93]","14.3 [14.16-14.7]","11.3 [11.09-11.75]","13.68 [13.69-14.22]","14.58 [14.46-14.99]","11.46 [11.26-11.89]","15.21 [15.24-15.8]","16.22 [16.09-16.66]","12.71 [12.44-13.21]","14.9 [14.87-15.48]","15.87 [15.69-16.34]","12.46 [12.22-12.94]"
"Gabon","40.81 [23.59-70.16]","41.51 [22.18-74.06]","40.38 [22.9-75.74]","39.48 [23.2-67.85]","39.67 [21.7-70.85]","39.3 [22.69-72.69]","39.87 [24.2-69.89]","39.7 [21.71-71.6]","40.02 [23.71-69.62]","38.19 [22.98-65.08]","37.32 [20.79-67.31]","38.75 [23.12-67.64]","37.09 [22.45-62.55]","36.45 [20.34-65.4]","37.55 [22.61-65.47]","37.5 [22.8-63.86]","37.41 [20.65-67.46]","37.55 [22.7-65.25]","42.27 [24.35-74.29]","42.02 [23.22-76.83]","42.44 [24.98-73.12]"
"Gambia","57.74 [31.85-96.64]","58.43 [33.28-95.76]","56.73 [29.53-102.07]","63.24 [33.49-107.94]","63.45 [35.35-106.51]","63.01 [31.25-118.57]","56.04 [30.96-93.64]","57.17 [32.76-93.54]","54.7 [28.59-97.96]","53.57 [29.67-88.44]","54.38 [31.64-88.36]","52.41 [27.69-92.32]","54.49 [29.71-90.52]","55.21 [31.7-91.17]","53.27 [27.34-96.47]","53.65 [29.74-89]","54.41 [31.68-88.45]","52.51 [27.66-93.12]","54.73 [30.08-91.71]","54.73 [31.71-89.63]","54.71 [28.3-99.66]"
"Georgia","22.15 [18.29-31.98]","26.95 [20.68-36.88]","17.37 [12.69-24.73]","21.44 [17.32-30.88]","26.14 [19.88-35.09]","16.88 [12.79-24.23]","20.78 [17.14-28.55]","25.35 [19.33-32.1]","16.54 [12.28-23.03]","22.22 [17.94-30.47]","27.03 [20.51-34.91]","17.66 [13.59-24.62]","23.7 [18.8-32.62]","28.78 [21.35-38.37]","18.99 [14.09-26.25]","22.82 [17.94-32.99]","27.61 [20.52-38.02]","18.31 [13.45-25.92]","18.61 [14.42-26.79]","22.43 [16.36-31.3]","14.9 [10.86-21.31]"
"Germany","11.51 [11.53-12.01]","11.76 [11.78-12.27]","10.23 [10.04-10.62]","12.66 [12.64-13.2]","12.93 [12.9-13.48]","11.3 [11.05-11.71]","12.15 [12.15-12.66]","12.39 [12.38-12.91]","10.92 [10.68-11.31]","13 [13-13.53]","13.27 [13.25-13.79]","11.62 [11.37-12.02]","13.38 [13.38-13.96]","13.66 [13.66-14.25]","11.94 [11.69-12.41]","15.03 [15.02-15.67]","15.33 [15.33-15.98]","13.47 [13.21-13.97]","15.36 [15.39-16.12]","15.71 [15.7-16.42]","13.67 [13.47-14.27]"
"Ghana","54.5 [37.42-86.41]","55.62 [37.43-88.15]","51.65 [34.31-83.79]","54.5 [37.14-85.56]","55.34 [37.58-87.44]","52.27 [34.4-85.05]","43.15 [31.61-62.89]","43.86 [31.75-63.32]","41.5 [29.63-63.72]","48.12 [34.24-72.72]","49.48 [34.57-74.59]","45.18 [31.78-71.2]","46.58 [33.08-70.69]","47.59 [34.07-71.69]","44.26 [30.67-68.47]","49.16 [34.8-74.58]","50.22 [35.19-76.36]","46.77 [32.43-73.7]","44.42 [32.52-65.67]","45.22 [33.23-66.17]","42.7 [29.87-64.74]"
"Greece","14.04 [13.17-15.52]","14.99 [14.01-16.33]","11.59 [10.42-13.54]","15.59 [14.61-17.21]","16.66 [15.58-18.14]","12.85 [11.58-14.94]","15.23 [14.3-16.86]","16.3 [15.29-17.72]","12.59 [11.33-14.68]","15.81 [14.79-17.43]","16.84 [15.67-18.34]","13.12 [11.82-15.24]","16.92 [15.83-18.58]","18.03 [16.82-19.57]","13.92 [12.54-16.21]","18.77 [17.45-20.57]","19.94 [18.61-21.65]","15.44 [13.95-17.92]","17.17 [16.09-19.07]","18.35 [17.11-20.12]","14.28 [12.83-16.58]"
"Grenada","22.87 [11.79-57.3]","23.14 [11.96-57.76]","21.09 [10.68-52.87]","23.58 [12.21-56.31]","23.84 [12.3-56.6]","21.45 [10.82-55.1]","22.75 [11.53-52.63]","23.15 [11.81-52.36]","20.82 [10.26-49.51]","22.28 [10.34-50.51]","22.78 [10.4-51.45]","20.41 [9.74-47.37]","22.27 [10.56-51.19]","22.6 [10.77-51.54]","20.3 [9.7-48.21]","22.47 [11.09-51.05]","22.67 [11.27-51.51]","20.36 [10.12-50.66]","22.3 [11.05-50.92]","22.45 [11.2-52.06]","20.38 [10.13-48.25]"
"Guatemala","30.47 [23.01-40.14]","30.88 [24.73-38.29]","30.17 [21.98-41.39]","30.78 [23.65-41.23]","31.23 [25.38-39.05]","30.44 [22.11-42.36]","31.24 [23.41-41.49]","31.65 [25.3-39.29]","30.95 [22.46-42.95]","33.81 [26.08-44.86]","34.15 [27.86-42.44]","33.55 [24.52-46.49]","32.47 [25-42.94]","32.8 [26.45-40.46]","32.23 [23.28-43.8]","34.82 [26.44-44.95]","35.17 [28.71-42.75]","34.52 [24.95-46.41]","32.8 [24.9-42.36]","33.19 [26.63-41.13]","32.51 [23.26-44.01]"
"Guinea","53.32 [29.88-99.82]","53.8 [28.63-108.05]","53.12 [29.79-100.62]","55.62 [30.97-105.09]","56.61 [29.68-114.31]","55.16 [30.52-106.72]","45.22 [26.29-81.89]","45.19 [25.83-83.07]","45.22 [26.33-83.05]","45.92 [26.26-83.09]","46.58 [26.32-87.44]","45.59 [26.61-82.59]","46.78 [26.21-87.46]","48.2 [27.41-91.95]","46.14 [26.34-87.8]","50.3 [28.3-92.12]","50.73 [27.83-98.17]","50.1 [28.5-92.94]","47.9 [27.15-88.46]","47.62 [26.96-89]","47.99 [27.8-89.24]"
"Guinea-Bissau","54.43 [28.6-97.17]","55.02 [28.75-95.04]","53.76 [27.94-98.45]","59.08 [30-107.27]","60.23 [29.83-105.05]","58.2 [29.65-107.6]","49.6 [27.12-87.24]","50.24 [27.74-86.51]","48.96 [26.08-90.21]","49.28 [27.44-85.88]","49.96 [27.61-85.54]","48.65 [26.37-88.52]","48.16 [25.2-85.53]","48.78 [25.95-87.14]","47.65 [25.32-89.5]","51.26 [27.85-90.21]","51.7 [28.03-88.92]","50.83 [26.86-92.83]","51.38 [27.59-91.26]","52 [28.1-89.73]","50.97 [26.85-93.9]"
"Guyana","23.14 [9.89-56.91]","26.77 [10.81-66.42]","21.14 [9.01-53.14]","23.33 [10.08-56.19]","26.43 [11.48-66.9]","21.34 [8.99-52.89]","22.76 [9.76-56.45]","25.94 [11.14-69.07]","20.69 [8.84-50.54]","22.95 [9.39-58.25]","26.51 [10.65-65.08]","20.98 [9-52.17]","22.66 [9.59-57.02]","25.78 [10.32-65.91]","20.87 [8.6-52.58]","22.19 [8.83-54.16]","25.03 [10.12-65.29]","20.34 [8.1-49.93]","22.08 [8.37-59.32]","24.81 [9.75-68.33]","20.11 [7.73-54.03]"
"Haiti","17.56 [8.56-38.79]","19.51 [9.22-45.4]","16.01 [7.49-35.56]","17.78 [8.12-38.68]","19.76 [8.84-42.97]","16.21 [7.38-35.21]","17.42 [7.91-37.59]","19.47 [8.94-42.55]","15.99 [7.33-32.9]","17.19 [8.27-36.09]","19.39 [9-40.7]","15.82 [7.36-32.67]","17.31 [8.03-34.9]","19.23 [8.75-40.88]","15.82 [6.84-31.87]","17.42 [7.6-39.98]","19.55 [8.58-43.79]","15.86 [6.87-35.1]","17.17 [7.81-38.35]","19.42 [8.54-43.55]","15.65 [6.88-34.59]"
"Honduras","25.47 [19.6-34.76]","25.41 [19.06-35.66]","25.51 [19.62-33.94]","25.72 [19.71-35.4]","25.68 [19.42-36.33]","25.76 [19.68-35.13]","26.01 [19.96-35.98]","25.99 [19.69-37.14]","26.03 [20.07-35.32]","28.53 [21.69-40.11]","28.51 [21.37-41.66]","28.55 [21.93-38.49]","27.51 [21.08-37.77]","27.46 [20.66-38.93]","27.54 [21.35-37.2]","29.78 [21.98-41.55]","29.75 [21.89-42.75]","29.81 [22.54-39.78]","27.94 [20.9-38.27]","27.87 [20.52-40.53]","27.99 [21.05-37.38]"
"Hungary","16.04 [15.19-17.38]","16.66 [15.78-17.95]","14.9 [13.68-16.4]","17.04 [16.13-18.61]","17.7 [16.82-19.13]","15.8 [14.42-17.43]","17.04 [16.15-18.67]","17.7 [16.82-19.23]","15.84 [14.55-17.51]","17.23 [16.29-18.73]","17.91 [17.05-19.37]","15.95 [14.58-17.53]","17.61 [16.6-19.16]","18.24 [17.22-19.73]","16.43 [15.08-18.21]","19.88 [18.86-21.66]","20.62 [19.48-22.24]","18.53 [17.02-20.36]","18.84 [17.76-20.49]","19.59 [18.49-21.15]","17.49 [16-19.16]"
"Iceland","5.81 [5.53-7.11]","5.82 [5.1-6.71]","5.81 [5.58-7.41]","6.31 [6.02-7.78]","6.32 [5.53-7.31]","6.3 [6.08-8.11]","6.25 [5.97-7.72]","6.25 [5.49-7.22]","6.25 [6.03-8.06]","6.76 [6.45-8.32]","6.76 [5.94-7.84]","6.76 [6.5-8.69]","6.91 [6.59-8.52]","6.91 [6.07-8.01]","6.91 [6.68-8.89]","7.7 [7.37-9.51]","7.7 [6.77-8.89]","7.7 [7.43-9.95]","7.43 [7.09-9.19]","7.42 [6.51-8.59]","7.44 [7.19-9.6]"
"India","68.76 [74.18-88.96]","78.16 [81.49-97.47]","60.94 [67.06-81.75]","67.22 [69.49-83.28]","75.92 [76.65-90.64]","59.81 [63.24-76.71]","71.7 [74.1-89.71]","81.07 [80.9-97.74]","63.89 [67.3-82.52]","65.93 [68.12-81.22]","74.19 [74.17-88.34]","58.83 [62.36-75.52]","62.68 [63.38-75.65]","70.18 [69.07-81.88]","56.17 [58.22-70.08]","58.26 [59.25-72.61]","65.11 [64.38-79.28]","52.21 [54.2-67.04]","60.51 [58.69-79.08]","68.06 [64.28-86.52]","54.04 [53.77-73.19]"
"Indonesia","19.05 [16.56-23.89]","20.66 [17.63-25.39]","17.42 [15.05-22.65]","16.68 [14.65-20.93]","17.81 [14.98-22.36]","15.52 [13.24-20.28]","15.61 [13.73-19.15]","17.14 [14.48-21.08]","14.07 [12.05-18.17]","16.61 [14.13-20.74]","18.23 [14.96-22.96]","14.9 [12.39-18.88]","16.83 [14.63-21.25]","18.18 [15.42-22.94]","15.51 [13.26-20.23]","15.1 [13.04-18.6]","16.39 [14.08-20.3]","13.77 [11.49-17.89]","18.85 [16.15-22.84]","20.7 [17.67-25.36]","16.81 [14.11-21.11]"
"Iran (Islamic Republic of)","34.45 [33.06-42.21]","33.68 [31.93-39.16]","35.02 [33.49-44.14]","35.5 [34.16-43.64]","34.54 [32.62-40.02]","36.26 [34.61-45.8]","34.65 [32.73-41.44]","34.33 [31.83-38.96]","34.87 [32.84-43.16]","34.55 [33.1-42.37]","33.88 [32.05-39.36]","35.07 [33.53-44.18]","34.72 [33.22-42.4]","34.34 [32.29-39.5]","35.01 [33.52-44.26]","34.62 [33.15-42.2]","34.07 [32.2-39.14]","35.05 [33.51-44.06]","35.7 [34.09-43.46]","35.2 [33.37-40.65]","36.08 [34.43-45.15]"
"Iraq","55.42 [42.91-79.18]","56.39 [42.15-79.77]","54.18 [42.84-78.63]","58.18 [44.04-84.76]","60.09 [44.23-87.1]","55.96 [43.87-82.62]","49.35 [38.59-68.72]","50.32 [38.31-70.23]","48.15 [38.56-67.18]","59.4 [45-87.25]","60.69 [44.62-87.85]","57.75 [44.87-86.17]","58.65 [44.07-87.1]","60.41 [43.72-92.51]","56.49 [44.04-83.69]","60.05 [45.02-89.14]","62.34 [45.05-93.13]","57.3 [44.39-85.39]","63.11 [46.82-93.81]","65.29 [47.19-97.59]","60.48 [46.6-90.95]"
"Ireland","8.01 [7.51-8.72]","8.49 [7.94-9.04]","7.28 [6.7-8.1]","8.64 [8.13-9.35]","9.14 [8.59-9.73]","7.87 [7.25-8.75]","8.47 [7.95-9.17]","8.97 [8.42-9.55]","7.71 [7.08-8.57]","9.35 [8.76-10.15]","9.88 [9.26-10.54]","8.53 [7.82-9.51]","9.44 [8.86-10.22]","9.99 [9.37-10.64]","8.61 [7.93-9.58]","10.46 [9.85-11.34]","11.08 [10.42-11.81]","9.52 [8.75-10.63]","10.1 [9.5-10.94]","10.67 [10.01-11.38]","9.23 [8.47-10.32]"
"Israel","18.52 [17.08-18.99]","18.59 [17.09-18.97]","17.4 [14.23-21.05]","20.47 [18.94-21.11]","20.54 [19-21.11]","19.37 [15.89-23.69]","20.04 [18.45-20.63]","20.14 [18.48-20.67]","18.73 [15.35-22.92]","21.4 [19.73-22]","21.5 [19.74-21.98]","20.16 [16.58-24.54]","21.94 [20.24-22.56]","22.01 [20.2-22.51]","20.77 [16.98-25.38]","23.46 [21.62-24.05]","23.55 [21.53-24]","22.33 [18.28-27.24]","22.99 [21.06-23.61]","23.09 [21.2-23.55]","21.65 [17.77-26.35]"
"Italy","14.84 [15.56-16.11]","15.29 [16-16.6]","10.6 [11.18-11.83]","16.53 [17.32-17.98]","17.05 [17.84-18.51]","11.74 [12.43-13.19]","15.85 [16.54-17.17]","16.34 [17.02-17.68]","11.36 [11.99-12.68]","16.89 [17.5-18.1]","17.39 [18-18.63]","12.14 [12.7-13.43]","17.6 [18.13-18.77]","18.13 [18.66-19.32]","12.68 [13.22-13.99]","19.64 [20.27-21]","20.24 [20.86-21.64]","14.06 [14.72-15.59]","18.5 [19.2-19.91]","19.06 [19.77-20.51]","13.24 [13.91-14.74]"
"Jamaica","14.86 [11.44-20.28]","15.36 [11.82-20.82]","13.96 [10.5-19.39]","14.96 [11.72-20.14]","15.43 [12.22-20.51]","14.1 [10.73-19.21]","14.78 [12.01-19.15]","15.25 [12.54-19.46]","13.95 [10.64-18.22]","14.75 [12.66-18.62]","15.23 [13.18-19.16]","13.96 [11.38-17.34]","14.88 [13.84-17.11]","15.36 [14.46-17.45]","14.12 [12.18-16.43]","14.55 [12.42-18.64]","15 [12.78-19.12]","13.77 [11.35-17.43]","14.54 [11.8-18.91]","14.96 [12.25-19.68]","13.78 [10.88-17.93]"
"Japan","13.42 [12.08-15.19]","13.74 [12.36-15.58]","11.45 [10.02-13.55]","13.04 [11.94-14.6]","13.36 [12.28-14.98]","11.09 [9.93-13.04]","13.47 [12.66-14.57]","13.79 [13.05-14.88]","11.45 [10.51-13.35]","13.3 [11.84-15.48]","13.63 [12.06-15.9]","11.27 [9.79-13.36]","12.76 [11.14-15.37]","13.06 [11.41-15.54]","10.9 [9.52-13.57]","12.58 [11.27-14.35]","12.89 [11.47-14.69]","10.76 [9.41-12.67]","11.57 [10.56-12.9]","11.85 [10.84-13.23]","9.9 [8.86-11.51]"
"Jordan","33.2 [28.64-38.9]","32.76 [28.19-37.27]","37.28 [29.25-52]","34.52 [29.94-40.93]","33.99 [29.08-38.94]","39.66 [30.95-56.67]","34.09 [29.39-40]","33.73 [28.87-38.44]","37.92 [29.58-53.19]","35.44 [30.71-41.53]","34.95 [29.98-40.3]","39.67 [30.7-55.97]","33.01 [28.68-39.12]","32.47 [28.01-37.18]","39.08 [30.4-55.84]","33.61 [29.1-39.45]","33.11 [28.56-37.69]","38.12 [29.69-53.43]","35.99 [31.01-42.38]","35.53 [30.65-41.41]","40.55 [31.13-57.24]"
"Kazakhstan","17.84 [13.03-29.6]","25.6 [17.26-41.67]","16.14 [11.52-26.62]","16.87 [12.46-28.24]","24.18 [16.56-39.87]","15.28 [10.92-25.66]","16.7 [12.71-27.08]","24.08 [16.76-41.88]","15.14 [10.89-25.02]","17.64 [13.41-28.3]","25.32 [17.62-42.64]","16.02 [11.41-26.05]","18.43 [13.75-28.64]","26.64 [18.38-43.17]","16.76 [12.04-27.03]","17.76 [13.93-28.39]","25.78 [18.29-42.54]","16.16 [11.84-26.36]","14.72 [11.27-23.33]","21.25 [14.92-34.21]","13.42 [9.89-22.87]"
"Kenya","26.6 [19.53-40.15]","24.07 [18.48-36.47]","27.45 [19.45-41.37]","25.37 [19.04-38.88]","22.46 [17.69-34.91]","26.43 [18.99-40.45]","27.07 [19.6-39.91]","24.95 [18.75-36.85]","27.77 [19.38-41.04]","25.99 [18.99-38.31]","23.89 [18.1-35.32]","26.66 [18.86-39.08]","26.8 [19.61-39.62]","24.4 [18.54-36.43]","27.55 [19.31-40.66]","25.71 [18.77-38.04]","23.35 [17.78-34.57]","26.45 [18.79-38.72]","25.27 [18.54-36.97]","23.21 [17.46-33.96]","25.92 [18.52-38.2]"
"Kiribati","11.07 [3.74-29.82]","11.56 [3.41-33.44]","10.82 [3.83-28.85]","10.65 [3.48-29.79]","11.12 [3.14-33.6]","10.55 [3.57-28.95]","10.73 [3.43-29.22]","11.17 [3.1-32.3]","10.67 [3.52-28.53]","10.98 [3.45-30.32]","11.19 [3.08-33.61]","10.9 [3.54-29.4]","10.89 [3.49-28.75]","11.26 [3.12-32.94]","10.81 [3.58-28.26]","10.85 [3.65-32.1]","11.09 [3.21-36.45]","10.77 [3.76-30.93]","10.65 [3.73-31.27]","10.78 [3.22-35.07]","10.56 [3.86-30.12]"
"Kuwait","62.59 [55.53-77.2]","64.97 [58.43-80.85]","56.52 [44.92-70.61]","65.05 [57.29-80.32]","67.37 [60.19-83.74]","59.1 [44.99-74.57]","54.95 [50.03-65.77]","56.95 [52.15-68.23]","49.75 [40.29-61.41]","67.82 [58.57-84.58]","70.13 [61.43-87.45]","61.74 [47.96-78.2]","62.92 [55.23-79.26]","65.39 [58.22-81.71]","56.57 [42.92-71.96]","63.6 [56.27-78.51]","65.93 [59.21-81.29]","57.83 [44.52-73.18]","62.26 [54.9-77.15]","64.64 [58.26-79.66]","56.02 [43.21-70.85]"
"Kyrgyzstan","23.88 [16.88-40.44]","28.24 [19.89-44.96]","20.57 [14.56-36.5]","22.84 [16.88-39.15]","26.87 [19.37-45.59]","19.66 [14.1-35.04]","22.84 [16.66-39.14]","27.03 [19.59-44.8]","19.74 [14.34-35.42]","23.82 [16.83-42.34]","28 [19.65-47.9]","20.54 [14.72-37.31]","25.29 [18.04-42.98]","29.73 [21.48-48.96]","21.75 [15.52-39.65]","24.41 [17.86-41.73]","28.7 [20.76-48.96]","21.05 [15.58-37.62]","20.08 [14.58-35.51]","23.69 [17.07-41.02]","17.29 [12.56-32.02]"
"Lao People's Democratic Republic","20.46 [16.24-29.21]","21.78 [17.14-31.65]","19.46 [15.27-26.89]","18.46 [14.28-26.76]","19.63 [15.22-28.73]","17.59 [13.56-24.68]","19.83 [15.42-28.47]","21.13 [16.56-30.85]","18.82 [14.53-26.76]","21.48 [16.6-29.84]","22.86 [17.64-32.81]","20.43 [16.06-27.86]","20.66 [16.19-28.6]","21.95 [16.96-31.56]","19.67 [14.99-26.98]","18.43 [14-25.92]","19.47 [15.05-28.04]","17.64 [13.25-24.24]","23.26 [17.71-33.26]","24.59 [18.81-35.72]","22.23 [16.86-31.26]"
"Latvia","12.33 [11.33-14.72]","14.41 [13.46-16.94]","10 [8.33-12.1]","13.18 [12.37-15.65]","15.35 [14.37-18.1]","10.73 [9.06-12.76]","15.34 [14.26-18.25]","17.87 [16.52-21.09]","12.55 [10.51-15.06]","14.59 [13.64-17.32]","16.97 [15.89-20.22]","11.94 [10.07-14.01]","14.49 [13.34-17.38]","16.83 [15.51-19.96]","11.8 [9.86-14.08]","14.78 [13.74-17.6]","17.22 [15.96-20.18]","12.03 [10.11-14.28]","16.43 [15.25-19.59]","19.15 [17.8-22.58]","13.4 [11.22-15.99]"
"Lebanon","30.66 [24.77-37.79]","30.7 [24.78-37.8]","29.64 [22.5-38.35]","32.27 [25.76-40.07]","32.3 [25.78-40]","31.34 [23.64-41.14]","31.73 [25.54-39.43]","31.74 [25.56-39.42]","30.68 [23.21-40.09]","31.82 [25.56-39.44]","31.83 [25.59-39.47]","30.8 [23.37-39.86]","30.32 [24.34-37.12]","30.33 [24.35-37.15]","29.6 [22.44-38.08]","29.97 [24.13-36.74]","29.97 [24.19-36.79]","29.71 [22.51-38.23]","32.65 [26.16-40.45]","32.67 [26.15-40.41]","32.16 [24.31-41.89]"
"Lesotho","24.49 [18.16-36.49]","25.84 [18.39-37.52]","24.28 [17.92-36.11]","28.8 [20.68-43.65]","30.16 [20.67-44.22]","28.58 [20.67-43.11]","26.65 [19.41-39.38]","28.52 [19.74-41.98]","26.31 [19.39-38.68]","24.61 [18.17-36.67]","25.3 [18.04-36.85]","24.51 [17.99-36.48]","22.83 [16.72-33.87]","23.51 [16.4-34.9]","22.72 [16.54-33.61]","23.52 [17.4-34.88]","24.23 [17.19-35.71]","23.39 [17.21-34.71]","25.49 [18.79-37.74]","26.83 [19.01-38.71]","25.28 [18.68-37.7]"
"Liberia","52.28 [31.35-90.87]","52.03 [30.9-89.39]","52.47 [30.06-93.61]","54.3 [32.04-95.48]","54.88 [31.94-95.85]","53.65 [30.4-97.18]","39.5 [25.75-66.05]","38.07 [24.26-62.74]","41 [24.97-70.93]","43.78 [27.36-72.23]","43.23 [27.2-70.33]","44.37 [26.76-74.48]","44.5 [27.42-81.71]","44.98 [26.75-80.03]","44.05 [26.21-81.98]","47.38 [29.21-81.39]","46.68 [28.64-78.48]","48.07 [28.57-83.69]","39.17 [25.48-65.2]","38.04 [24.02-62.86]","40.3 [24.95-67.69]"
"Libya","49.23 [32.11-87.85]","46.37 [25.18-92.78]","50.31 [32.83-89.34]","43.82 [29.69-77.23]","40.5 [22.88-78.55]","45.19 [30.63-79.45]","46.6 [30.68-81.3]","43.61 [24.69-85.23]","47.72 [31.94-83.02]","48.19 [31.66-84.8]","45.13 [25.04-88.77]","49.27 [32.45-86.73]","40.39 [27.39-68.68]","37.63 [21.93-70.16]","41.56 [29.13-70.73]","41.31 [27.35-70.05]","38.89 [22.37-72.79]","42.28 [29.2-71.51]","51.1 [32.58-90.65]","49.01 [26.07-98.38]","51.85 [33.21-90.96]"
"Lithuania","10.71 [9.9-12.43]","11.7 [10.96-13.64]","9.91 [8.83-11.67]","11.61 [10.78-13.35]","12.76 [11.9-14.57]","10.73 [9.57-12.49]","13.08 [12.08-14.88]","14.24 [13.32-16.23]","12.12 [10.8-13.97]","12.67 [11.71-14.58]","13.84 [12.97-15.71]","11.74 [10.52-13.66]","12.6 [11.64-14.61]","13.75 [12.89-15.73]","11.68 [10.31-13.71]","12.85 [11.91-14.83]","14.03 [13.09-16.19]","11.91 [10.56-13.97]","14.27 [13.29-16.44]","15.55 [14.6-17.82]","13.23 [11.82-15.41]"
"Luxembourg","10.02 [9.25-10.72]","10.2 [9.55-10.91]","8.54 [7.62-9.97]","10.94 [10.15-11.72]","11.15 [10.41-11.92]","9.32 [8.32-10.91]","10.34 [9.56-11.08]","10.54 [9.82-11.29]","8.85 [7.9-10.36]","11.5 [10.64-12.38]","11.71 [10.94-12.54]","9.79 [8.72-11.48]","11.67 [10.79-12.5]","11.87 [11.11-12.71]","9.94 [8.87-11.61]","13.04 [12.04-14.01]","13.27 [12.39-14.27]","11.11 [9.88-13.03]","13.18 [12.15-14.21]","13.43 [12.48-14.45]","11.21 [9.97-13.24]"
"Madagascar","17.5 [10.54-29.9]","17.92 [10.72-31.56]","17.2 [10.75-29.22]","18.59 [11.09-32.24]","19.12 [11.36-34.36]","18.23 [11.38-30.9]","16.36 [10-27.77]","16.55 [10.12-28.54]","16.2 [10.15-27.38]","17.27 [10.52-29.35]","17.72 [10.75-31.31]","16.94 [10.69-29.07]","15.28 [9.4-25.65]","15.37 [9.43-26.82]","15.21 [9.49-25.39]","16.01 [9.83-26.85]","16.04 [9.9-27.82]","15.98 [10.07-26.62]","15.36 [9.45-25.61]","15.33 [9.44-26.59]","15.38 [9.6-25.54]"
"Malawi","25.62 [15.19-47.15]","24.63 [14.3-46.92]","25.83 [15.37-47.38]","27.49 [16.2-52.08]","26.19 [15.09-50.93]","27.76 [16.45-52.44]","26.19 [15.48-48.76]","25.21 [14.59-48.88]","26.36 [15.65-48.91]","25.87 [15.34-47.6]","24.65 [14.38-47.73]","26.06 [15.53-47.83]","28.55 [16.68-55.18]","27.46 [15.68-53.98]","28.76 [16.93-55.41]","26.75 [15.78-50.23]","25.62 [14.73-50.22]","26.96 [15.97-50.48]","26.1 [15.37-48.37]","25.05 [14.49-48.71]","26.29 [15.54-48.55]"
"Malaysia","16.27 [13.79-19.37]","17.15 [14.44-20.76]","13.12 [10.93-16.99]","15.58 [13.23-18.74]","16.5 [13.81-20]","12.4 [10.2-15.81]","14.47 [12.46-16.87]","15.28 [13.1-17.88]","11.82 [9.78-14.79]","15.27 [13.05-18.09]","16.05 [13.31-18.95]","12.66 [10.24-15.88]","16.38 [13.81-19.61]","17.08 [14.25-20.55]","13.99 [11.3-17.99]","14.32 [12.18-17.22]","15.05 [12.65-18.24]","11.94 [9.57-15.1]","17.13 [14.38-20.58]","18 [14.9-21.57]","14.14 [11.5-18.18]"
"Maldives","10.97 [8.6-14.44]","10.4 [8.03-13.21]","12.01 [8.99-16.24]","10.32 [8.22-13.19]","9.98 [7.69-12.54]","11.2 [8.37-15.57]","10.7 [8.64-13.63]","10.3 [7.95-13.21]","11.56 [8.62-15.71]","11.67 [9.03-14.92]","11.24 [8.55-14.38]","12.71 [9.38-17.15]","11.79 [9.21-15.02]","11.46 [8.59-14.34]","12.65 [9.5-17.01]","11.24 [9.2-14.12]","10.79 [8.51-13.4]","12.16 [9.12-16.65]","13.43 [10.53-17.12]","13.06 [10.18-16.46]","14.46 [10.84-19.68]"
"Mali","63.64 [35.33-122.88]","63.07 [32.84-129.36]","64.04 [38.55-114.39]","67.22 [36.6-136.08]","66.59 [34.64-141.35]","67.67 [39.21-125.84]","56.78 [33.18-107.35]","56.28 [30.68-111.34]","57.11 [36.2-101.04]","54.02 [32.26-98.46]","53.55 [29.32-103.81]","54.33 [34.3-95.4]","59.39 [34.11-115.48]","58.84 [32.4-118.58]","59.77 [36.88-110.96]","61.78 [34.62-118.46]","61.16 [32.89-124.5]","62.14 [37.88-111.29]","60.95 [34.31-117.57]","60.26 [32.82-123.23]","61.29 [37.52-110.04]"
"Malta","13.14 [11.75-14.38]","13.15 [11.76-14.39]","9.43 [8.44-10.57]","14.67 [13.09-15.99]","14.67 [13.1-16.01]","10.53 [9.39-11.8]","14.01 [12.56-15.33]","14.02 [12.57-15.34]","10.07 [9.03-11.27]","15.26 [13.74-16.72]","15.28 [13.75-16.73]","10.99 [9.82-12.3]","15.59 [13.91-17]","15.6 [13.92-17.01]","11.24 [10-12.63]","17.2 [15.34-18.89]","17.21 [15.35-18.91]","12.38 [11.1-13.94]","16.56 [14.91-18.19]","16.58 [14.92-18.2]","11.97 [10.68-13.34]"
"Marshall Islands","10.2 [3.95-27.83]","","10.2 [3.95-27.83]","10.15 [4-27.31]","","10.15 [4-27.31]","10.1 [3.96-26.17]","","10.1 [3.96-26.17]","10.12 [3.91-26.42]","","10.12 [3.91-26.42]","10.13 [3.66-25.81]","","10.13 [3.66-25.81]","10.09 [3.78-25.53]","","10.09 [3.78-25.53]","10.2 [3.7-27.7]","","10.2 [3.7-27.7]"
"Mauritania","74.13 [43.37-135.54]","78.1 [43.19-145.64]","70.81 [38.66-143.05]","79.37 [45.08-149.81]","80.68 [45.02-152.43]","78.02 [41.39-161.66]","73.62 [43-135.45]","77.29 [42.89-143.58]","70.52 [38.35-144.37]","68.62 [41.29-122.49]","72.88 [40.65-132.89]","65.43 [36.42-131.73]","71.57 [42.53-129.08]","73.66 [41.27-133.83]","69.54 [37.98-140.91]","70.4 [41.88-125.99]","72.41 [40.61-131.18]","68.57 [37.71-138.62]","67.64 [40.7-120.85]","68.4 [39.05-121.2]","66.89 [37.12-135.72]"
"Mauritius","10.52 [7.22-16.54]","9.52 [6.59-15.95]","11.36 [7.3-17.86]","10.64 [7.32-16.66]","9.63 [6.67-16.07]","11.46 [7.39-17.98]","10.65 [7.34-16.69]","9.63 [6.65-16.05]","11.53 [7.44-18.01]","10.87 [7.47-16.97]","9.77 [6.81-16.31]","11.72 [7.57-18.13]","10.36 [7.08-16.37]","9.41 [6.47-15.76]","11.2 [7.17-17.63]","9.75 [6.41-15.59]","8.78 [5.93-14.95]","10.52 [6.59-17.1]","10.16 [6.88-16.1]","9.2 [6.27-15.47]","11 [7.01-17.39]"
"Mexico","22.73 [19.76-30.1]","22.77 [20.03-29.75]","22.44 [17.83-32.24]","23.02 [20.02-30.76]","23.06 [20.17-30.66]","22.74 [17.9-32.69]","23.76 [20.45-31.36]","23.8 [20.74-31]","23.46 [18.65-33.8]","24.8 [21.63-32.72]","24.82 [21.87-32.37]","24.52 [19.5-35.37]","24.08 [21-31.97]","24.11 [21.15-31.47]","23.8 [18.98-34.08]","25.86 [22.92-33.71]","25.9 [23.16-33.3]","25.52 [20.19-36.21]","24.36 [21.27-31.89]","24.4 [21.23-31.5]","23.97 [19.36-33.8]"
"Micronesia (Federated States of)","10.54 [3.5-30.41]","10.81 [3.27-31.88]","10.36 [3.69-29.16]","10.73 [3.51-31.78]","10.95 [3.29-33.58]","10.55 [3.71-30.31]","10.4 [3.4-31.3]","10.6 [3.21-33.21]","10.24 [3.53-29.75]","10.55 [3.43-31.42]","10.79 [3.2-33.7]","10.33 [3.57-30]","10.44 [3.24-30.16]","10.53 [3.08-31.94]","10.35 [3.37-28.69]","10.41 [3.33-29.78]","10.61 [3.13-30.87]","10.28 [3.42-28.96]","10.46 [3.32-32.06]","10.58 [3.16-34.34]","10.36 [3.45-30.4]"
"Monaco","11.52 [9.16-14.47]","11.52 [9.16-14.47]","","12.79 [10.18-16.08]","12.79 [10.18-16.08]","","12.12 [9.55-15.27]","12.12 [9.55-15.27]","","13.59 [10.82-17.07]","13.59 [10.82-17.07]","","14.03 [11.21-17.67]","14.03 [11.21-17.67]","","15.9 [12.66-20.02]","15.9 [12.66-20.02]","","15.24 [12.15-19.2]","15.24 [12.15-19.2]",""
"Mongolia","42.79 [31.51-57.67]","59.97 [43.86-80.62]","35.07 [27.2-50.33]","39.58 [30.18-52.43]","55.79 [41.47-73.54]","31.96 [25.67-45.84]","38.7 [29.08-51.75]","55.34 [41.77-71.98]","30.97 [24.73-44.69]","40.14 [30.88-51.35]","58.27 [43.16-71.92]","31.81 [26.38-44.48]","41.7 [32.8-55.74]","61.48 [45.67-79.28]","33.08 [28.04-48.01]","39.37 [31.27-52.09]","58.8 [45.56-74.71]","31.02 [26.53-45.95]","32.35 [26.29-44.54]","48.81 [37.39-63.64]","25.49 [22.32-38.88]"
"Montenegro","20.39 [18.28-24.42]","19.41 [18.05-23.02]","20.85 [18.35-24.92]","21.78 [19.56-25.94]","20.79 [19.39-24.55]","22.26 [19.61-26.54]","22.49 [20.25-26.8]","21.36 [19.9-25.24]","23.08 [20.22-27.43]","22.72 [20.52-27.05]","21.53 [20.18-25.51]","23.31 [20.58-27.72]","24.27 [21.74-28.9]","22.93 [21.42-27.11]","24.94 [21.69-29.64]","26.33 [23.66-31.3]","24.94 [23.34-29.59]","27.08 [23.58-32.08]","23.55 [21.21-28.12]","22.17 [20.94-26.55]","24.2 [21.23-28.8]"
"Morocco","28.38 [23.6-35.6]","28.57 [24.58-34.9]","28.19 [22.42-37.59]","28.09 [23.47-34.95]","28.3 [24.3-34.52]","27.84 [22.28-36.73]","26.13 [21.71-33.05]","26.07 [21.74-32.43]","26.2 [20.87-35.12]","25.87 [21.44-32.22]","26.23 [21.81-32.11]","25.49 [20.09-33.58]","23.03 [19.16-29.45]","22.93 [18.86-29.04]","23.17 [18.57-30.96]","24.02 [20.05-30.49]","24.06 [19.93-30.13]","23.99 [19.14-31.86]","26.06 [21.48-32.5]","26.23 [21.81-32.22]","25.89 [20.28-34.27]"
"Mozambique","21.22 [14.59-34.14]","19.94 [13.62-31.33]","22.1 [15.1-36.6]","22.89 [15.29-37.01]","21.91 [14.94-34.7]","23.55 [15.85-39.42]","21.19 [14.44-33.32]","20.21 [13.75-31.35]","21.84 [14.74-35.3]","22.08 [14.87-35.04]","21.1 [14.23-32.98]","22.73 [15.27-37.28]","22.21 [14.96-35.63]","21.1 [14.47-33.15]","22.98 [15.54-37.93]","21.53 [14.73-34.1]","20.62 [14.04-32.21]","22.15 [15.05-36.2]","21.82 [14.95-34.72]","20.98 [14.27-32.99]","22.38 [15.27-36.9]"
"Myanmar","33.15 [28.58-39.01]","33.73 [29.24-40.69]","33.02 [28.53-39.08]","30.85 [26.62-36.25]","31.14 [26.92-38.31]","30.77 [26.27-36.34]","32.33 [27.57-37.94]","32.91 [28.32-40.32]","32.22 [27.01-37.7]","35.46 [31.35-41.9]","35.68 [31.4-44.31]","35.42 [31.23-41.72]","32.86 [28.42-38.62]","33.45 [28.65-40.89]","32.73 [28.23-38.41]","30.62 [26.36-37.66]","30.72 [26.97-39.89]","30.6 [26.31-37.27]","37.31 [32.13-45.27]","37.53 [32.26-48.05]","37.25 [31.7-45.15]"
"Namibia","24.05 [15.59-39.55]","20.48 [13.75-34.87]","27.56 [16.61-44.66]","26.22 [16.39-42.55]","23.63 [15.3-39.4]","28.88 [17.1-46.62]","22.7 [15-36.82]","19.34 [12.98-32.5]","25.83 [15.87-41.68]","24 [15.46-39.58]","20.04 [13.59-34.51]","27.71 [16.63-44.97]","22.62 [14.51-38.5]","19.12 [12.85-33.35]","25.85 [15.85-41.62]","24.55 [15.78-39.65]","21.39 [14.29-36.03]","27.55 [16.62-44.5]","24.59 [15.75-39.78]","21.22 [14.22-35.8]","27.67 [16.61-44.85]"
"Nauru","8.19 [4.57-14.05]","8.19 [4.57-14.05]","9.88 [4.06-23.53]","7.8 [4.31-13.92]","7.74 [4.31-13.92]","9.34 [3.77-23.46]","7.29 [3.8-13.59]","7.29 [3.8-13.58]","8.72 [3.24-22.01]","7.03 [3.72-12.89]","7.03 [3.72-12.89]","8.33 [3.21-22.07]","7.13 [3.68-12.97]","7.13 [3.68-12.97]","8.54 [3.34-21.82]","6.98 [3.78-11.82]","6.98 [3.78-11.82]","8.27 [3.38-19.99]","7.04 [3.92-12.21]","7.04 [3.92-12.21]","8.48 [3.27-20.66]"
"Nepal","81.57 [63.07-108.34]","87.97 [68.98-115.88]","77.72 [59.02-108.59]","76.66 [60.22-102.83]","82.01 [64.84-107.16]","73.71 [57.23-102.01]","80.83 [64.12-108.61]","87.72 [69.03-114.61]","77.32 [59.7-109.14]","73.94 [57.04-99.76]","79.85 [62.22-105.43]","71.21 [53.46-100.28]","69.52 [55.1-95.16]","74.53 [58.29-97.79]","67.41 [51.15-94.55]","63.67 [50.01-87.04]","68.26 [54.39-90.96]","61.73 [47.45-87.81]","65.94 [50.93-91.84]","71.28 [56.75-97.74]","63.93 [48.25-90.42]"
"Netherlands","11.96 [11.52-12.39]","12.01 [11.61-12.46]","10.66 [10.08-11.4]","12.99 [12.55-13.42]","13.05 [12.61-13.49]","11.69 [11.05-12.5]","12.36 [11.94-12.83]","12.41 [12.01-12.9]","11.3 [10.63-12.08]","13.14 [12.69-13.61]","13.2 [12.75-13.68]","11.92 [11.22-12.74]","13.85 [13.36-14.34]","13.91 [13.44-14.4]","12.54 [11.8-13.43]","15.54 [15.02-16.1]","15.61 [15.11-16.18]","14.19 [13.39-15.18]","15.57 [15.07-16.19]","15.64 [15.15-16.27]","13.98 [13.18-14.99]"
"New Zealand","6.65 [6.2-7.52]","6.72 [6.31-7.63]","6.32 [5.81-7.33]","6.55 [6.17-7.47]","6.62 [6.26-7.58]","6.23 [5.69-7.34]","6.69 [6.33-7.6]","6.76 [6.42-7.72]","6.36 [5.92-7.34]","6.84 [6.42-7.74]","6.92 [6.51-7.85]","6.51 [6.01-7.54]","6.87 [6.65-7.68]","6.95 [6.74-7.72]","6.53 [6.12-7.44]","6.74 [6.18-7.7]","6.82 [6.26-7.76]","6.4 [5.78-7.39]","6.91 [6.33-7.93]","6.99 [6.43-8.06]","6.58 [5.79-7.65]"
"Nicaragua","22.16 [15.19-31.97]","22.63 [15.03-33.62]","21.53 [14.28-30.8]","22.17 [15.23-32.23]","22.58 [15.34-33.16]","21.6 [14.41-31.42]","22.57 [15.77-33.16]","22.96 [15.97-34.31]","22.05 [14.69-31.74]","23.97 [16.63-35.63]","24.36 [16.22-36.23]","23.45 [15.9-34.46]","23.62 [16.67-34.68]","23.97 [16.29-35.21]","23.13 [15.52-34.56]","25.05 [17.54-36.68]","25.38 [17.05-38.21]","24.48 [16.3-35.24]","24.06 [16.5-35.18]","24.43 [16.66-36.11]","23.51 [15.56-34.56]"
"Niger","93.18 [57.75-211.89]","89.42 [55.7-206.62]","93.83 [56.76-210.08]","91.41 [57.43-204.79]","89.62 [55.89-204.7]","91.72 [56.28-203.27]","68.86 [46.19-137.43]","65.89 [42.93-136.06]","69.34 [46.34-138.92]","70.28 [47.45-142.6]","67.08 [43.7-140.75]","70.81 [46.97-144.41]","78.54 [51.39-164.61]","75.78 [47.73-165.95]","79.04 [51.04-168.14]","85.23 [53.97-185.25]","82.21 [51.81-180]","85.8 [54.17-189.38]","81 [52.06-172.12]","77.54 [48.85-168.82]","81.67 [52.32-175.83]"
"Nigeria","61.73 [46.33-114.16]","47.11 [40.03-87.24]","72.78 [50.86-133.41]","64.39 [48.57-122.98]","49.3 [41.98-92.28]","76.57 [53.24-145.55]","52.63 [41.14-85.74]","43.37 [36.86-70.43]","59.21 [43.17-97.61]","52.93 [41.35-85.98]","43.91 [36.74-71.04]","59.39 [43.22-97.72]","54.09 [42.5-93.14]","43.73 [37.46-75.18]","62.09 [44-106.14]","55.82 [43.98-97.19]","45.38 [39.21-76.49]","63.91 [46.32-110.81]","53.51 [41.91-89.39]","42.58 [36.14-73.24]","61.28 [43.73-102.26]"
"Niue","9.34 [4.88-16.37]","","9.34 [4.88-16.37]","8.62 [4.22-15.98]","","8.62 [4.22-15.98]","8.33 [3.95-15.13]","","8.33 [3.95-15.13]","7.91 [3.82-14.68]","","7.91 [3.82-14.68]","8.01 [4.02-14.69]","","8.01 [4.02-14.69]","7.6 [3.62-13.69]","","7.6 [3.62-13.69]","7.76 [3.84-13.45]","","7.76 [3.84-13.45]"
"Norway","6.82 [6.34-7.26]","7.64 [7.09-8.04]","6.17 [5.8-6.76]","7.24 [6.76-7.72]","8.1 [7.52-8.53]","6.58 [6.17-7.22]","7.46 [6.95-7.95]","8.32 [7.73-8.75]","6.8 [6.38-7.43]","7.65 [7.13-8.17]","8.56 [7.93-9.05]","6.96 [6.52-7.63]","7.94 [7.42-8.47]","8.89 [8.27-9.35]","7.22 [6.79-7.93]","9.08 [8.45-9.71]","10.21 [9.5-10.78]","8.22 [7.73-9.02]","8.49 [7.93-9.1]","9.5 [8.84-10.03]","7.74 [7.28-8.51]"
"Oman","43.69 [32.93-67.29]","41.33 [27.48-64.77]","45.72 [34.81-70.66]","46.5 [34.72-72.77]","44.19 [28.83-69.37]","48.38 [36.3-74.92]","39.4 [29.85-58.33]","37.84 [25.43-58]","40.7 [31.14-59.1]","43.06 [32.01-65.19]","40.9 [27.2-63.55]","44.81 [33.73-66.85]","43.43 [32.62-65.68]","41.6 [27.67-65.08]","44.86 [34.1-66.22]","41.69 [31.54-62.38]","40.15 [26.91-62.03]","42.97 [32.88-62.25]","40.7 [30.97-60.11]","38.9 [26.41-59.61]","42.16 [32.18-59.73]"
"Pakistan","58.76 [46.89-77.04]","62.61 [51.68-77.96]","56.18 [44.25-78.89]","56.89 [46.89-76.53]","60.1 [49.94-75.85]","54.72 [43.12-76.86]","60.68 [49.72-80.43]","64.06 [54.05-80.64]","58.44 [45.9-81.86]","56.07 [46.2-74.44]","59.37 [50.07-74.2]","53.84 [42.45-74.95]","54.37 [44.21-73.54]","57.33 [47.86-73.18]","52.46 [41.54-74.42]","51.67 [41.98-68.77]","54.64 [46-69.53]","49.75 [38.64-69.68]","52.87 [42.4-71.47]","56.1 [46.32-71.31]","50.81 [39.31-74.19]"
"Palau","8.79 [4.93-15.95]","8.68 [4.92-15.75]","8.84 [4.94-16.26]","8.69 [5.12-15.25]","8.6 [5.09-14.84]","8.73 [5.13-15.44]","7.94 [4.2-14.92]","7.87 [4.23-14.34]","8 [4.19-15.08]","7.46 [4.01-13.66]","7.37 [4.04-13.16]","7.5 [4-13.95]","7.64 [4.3-14.44]","7.49 [4.38-13.88]","7.7 [4.28-14.59]","7.1 [3.69-13.79]","7.07 [3.72-13.36]","7.11 [3.69-14.1]","7.4 [3.99-13.42]","7.33 [4.07-13.07]","7.42 [3.95-13.7]"
"Panama","14.74 [11.08-19.82]","14.48 [10.79-19.02]","15.35 [11.27-21.21]","15.03 [11.46-20.31]","14.77 [11.25-19.42]","15.65 [11.59-21.62]","15.31 [11.52-20.79]","15.08 [11.13-20.19]","15.89 [11.88-22.37]","15.6 [11.91-20.93]","15.34 [11.53-19.98]","16.24 [11.9-22.84]","15.31 [11.59-20.59]","15.09 [11.37-20.22]","15.93 [11.81-22.37]","16.29 [12.14-21.72]","16.04 [11.98-21.22]","16.94 [12.45-23.22]","15.62 [11.71-21.17]","15.35 [11.4-20.52]","16.24 [11.9-22.69]"
"Papua New Guinea","11.11 [3.73-33.07]","12.18 [3.42-46.15]","11.01 [3.76-32.46]","10.91 [3.72-32.57]","12.01 [3.32-44.69]","10.83 [3.75-32.12]","10.83 [3.6-33.42]","12.15 [3.25-47.8]","10.74 [3.58-32.73]","10.87 [3.55-35.26]","12.13 [3.13-47.5]","10.78 [3.64-34.29]","11.34 [3.7-35.89]","12.48 [3.17-50.81]","11.26 [3.76-35.03]","10.65 [3.42-34.28]","11.98 [3.07-47.82]","10.55 [3.46-33.92]","10.51 [3.28-34.49]","11.77 [2.89-48.94]","10.43 [3.38-33.4]"
"Paraguay","11.94 [8.99-17.23]","12 [9.29-16.52]","11.81 [8.1-17.79]","12.47 [9.01-18.19]","12.56 [9.41-17.67]","12.32 [8.22-18.13]","13.15 [9.89-19.1]","13.23 [10.16-18.35]","13.03 [9-19.42]","13.07 [9.88-19.06]","13.12 [10.03-18.4]","12.99 [8.9-19.45]","14.31 [10.59-20.9]","14.34 [11.01-20.19]","14.25 [9.56-20.94]","14.77 [10.88-21.76]","14.82 [11.25-20.66]","14.69 [9.81-22.04]","14.94 [11-21.6]","14.99 [11.54-20.87]","14.86 [9.88-22.19]"
"Peru","30.46 [24.48-40.81]","33.32 [29.19-40.66]","26.32 [18.47-42.19]","29.93 [24.61-38.89]","32.69 [28.86-38.25]","25.97 [18.23-40.11]","30.6 [24.8-40.21]","33.27 [29.21-39.77]","26.67 [18.36-42.17]","29.42 [24.06-40.03]","32.03 [27.78-38.26]","25.71 [17.46-41.66]","30.01 [24.04-39.52]","32.56 [27.93-39.33]","26.3 [18.2-42.25]","28.41 [23.06-38.11]","30.9 [26.75-36.85]","24.81 [17.41-40.01]","29.82 [23.72-40.54]","32.33 [27.99-39.01]","26.24 [17.89-43.41]"
"Philippines","21.29 [18.79-24.78]","23.72 [21.72-26.81]","18.52 [15.26-22.9]","19.94 [17.45-23.37]","22.23 [20.01-25.23]","17.37 [14.27-21.27]","20.27 [17.68-24.06]","22.77 [20.56-26.02]","17.51 [14.49-22.03]","21.81 [19.14-25.21]","24.52 [22.02-27.99]","18.8 [15.58-22.74]","21.89 [18.73-26.27]","24.63 [21.7-28.71]","19.06 [15.31-23.62]","20.05 [17.36-24.24]","22.68 [20.11-27.26]","17.24 [14.12-21.86]","24.7 [21.73-29.95]","28.36 [25.16-33.07]","21.08 [17.34-26.32]"
"Poland","20.96 [20.72-21.91]","21.9 [21.63-22.83]","18.59 [17.86-19.58]","22.41 [22.08-23.3]","23.47 [23.14-24.38]","19.67 [19-20.69]","22.81 [22.69-23.86]","23.84 [23.81-24.93]","20.19 [19.59-21.31]","23.05 [22.83-24.05]","24.13 [23.95-25.13]","20.31 [19.62-21.42]","24.33 [23.93-25.19]","25.48 [25.1-26.32]","21.45 [20.75-22.54]","26.48 [26.1-27.48]","27.78 [27.35-28.71]","23.27 [22.54-24.59]","26.68 [26.47-27.87]","27.88 [27.71-29.13]","23.59 [22.88-25.02]"
"Portugal","7.69 [7.47-8.07]","8.4 [8.03-8.72]","7.3 [6.85-7.7]","8.49 [8.29-8.92]","9.29 [8.89-9.62]","8.05 [7.58-8.5]","8.3 [8.11-8.71]","9.02 [8.7-9.41]","7.91 [7.44-8.34]","9.2 [8.95-9.61]","10.05 [9.65-10.4]","8.73 [8.17-9.2]","9.14 [8.92-9.6]","9.95 [9.6-10.35]","8.71 [8.16-9.17]","10.19 [9.98-10.73]","11.15 [10.74-11.63]","9.7 [9.11-10.23]","10 [9.76-10.51]","10.98 [10.58-11.47]","9.48 [8.92-9.98]"
"Qatar","80.8 [68.02-106.15]","81.64 [69.23-107.6]","73.3 [53.85-100.91]","87.95 [73.04-117.37]","88.97 [74.25-119.23]","79.27 [57.69-111.06]","72.33 [62.25-93.31]","73.01 [63.46-94.62]","67.42 [50.42-91.15]","87.68 [73.09-117.55]","88.81 [74.31-119.14]","80.51 [59.44-111.54]","81.72 [67.03-107.52]","82.66 [68.83-109.21]","73.49 [52.46-102.42]","76.55 [65.5-99.7]","77.35 [66.45-101.06]","69.44 [52.08-94.23]","76.67 [64.22-99.48]","77.58 [65.54-101.03]","69.06 [50.32-94.76]"
"Republic of Korea","26.41 [24.42-29.07]","26.5 [24.41-29.16]","25.69 [23.29-28.91]","26.26 [24.72-28.72]","26.37 [24.8-28.9]","25.44 [23.15-28.47]","26.59 [24.87-28.88]","26.66 [24.97-29.03]","26.02 [23.86-29.08]","26.74 [23.71-30.7]","26.85 [23.79-30.82]","25.84 [22.22-30.19]","24.94 [22.03-29.59]","25.03 [22.1-29.68]","24.31 [21.02-29.29]","24.47 [21.7-27.7]","24.55 [21.76-27.85]","23.85 [21.09-26.98]","22.59 [21.08-24.84]","22.67 [21.15-25.01]","21.95 [19.73-24.53]"
"Republic of Moldova","13.55 [9.96-19.26]","14.09 [10.11-20.11]","12.76 [9.39-17.97]","14.91 [10.87-21.21]","15.46 [11.31-22.15]","14.07 [10.29-19.8]","15.95 [11.67-22.61]","16.55 [11.78-23.74]","15.08 [11.1-21.23]","15.77 [11.44-22.8]","16.36 [11.66-23.8]","14.89 [10.92-21.28]","15.87 [11.5-22.94]","16.54 [11.9-23.87]","14.98 [10.87-21.36]","16.58 [12-23.72]","17.21 [12.35-24.88]","15.63 [11.37-21.76]","16.94 [12.29-24.22]","17.58 [12.63-25.07]","16 [11.87-22.85]"
"North Macedonia","29.59 [28.02-34.13]","33.64 [31.48-37.65]","25.94 [23.8-30.22]","31.51 [29.67-35.89]","35.73 [33.39-40.03]","27.65 [25.27-31.91]","33.9 [31.99-38.97]","38.38 [36.1-43.38]","29.92 [27.23-34.65]","32.61 [30.71-37.46]","36.91 [34.45-41.44]","28.68 [26.2-33.35]","35.1 [33.09-40.07]","39.99 [36.96-44.72]","30.79 [28.14-35.73]","38.59 [36.34-44.53]","44.04 [40.96-49.63]","33.78 [30.96-39.42]","33.25 [31.37-38.45]","37.84 [35.29-42.51]","29.26 [26.78-34.17]"
"Romania","14.76 [14.43-16.01]","15.74 [15.17-17.01]","13.33 [12.66-14.46]","15.17 [14.91-16.41]","16.23 [15.86-17.37]","13.77 [13.18-15.01]","15.64 [15.58-17.03]","16.74 [16.63-18.02]","14.27 [13.75-15.6]","15.46 [15.35-16.84]","16.52 [16.46-17.79]","14.19 [13.65-15.45]","16.25 [16.23-17.78]","17.43 [17.38-18.81]","14.88 [14.41-16.3]","18.19 [18.16-19.86]","19.49 [19.46-21.1]","16.69 [16.07-18.2]","16.54 [16.44-17.89]","17.65 [17.5-18.9]","15.27 [14.53-16.54]"
"Russian Federation","9.8 [8.02-13.59]","11.2 [9.15-15.13]","8.09 [6.38-11.69]","10.51 [8.43-14.57]","11.95 [9.57-16.03]","8.7 [6.85-12.76]","11.36 [9.19-15.57]","13.01 [10.5-17.36]","9.33 [7.41-13.5]","11.61 [9.32-16.16]","13.24 [10.65-18.04]","9.6 [7.42-14.01]","11.21 [9.14-15.36]","12.85 [10.34-17.08]","9.27 [7.22-13.5]","11.33 [9.17-15.84]","12.94 [10.46-17.43]","9.35 [7.46-13.6]","12.41 [9.99-17.11]","14.39 [11.61-19.25]","10.16 [8-14.7]"
"Rwanda","39.7 [19.84-69.41]","39.42 [19.37-69.18]","39.83 [19.97-69.52]","38.38 [19.54-66.04]","38.29 [18.98-65.75]","38.43 [19.81-66.2]","38.08 [19.75-63.02]","38.17 [19.24-63.92]","38.06 [19.75-63.15]","38.58 [19.6-66.34]","38.33 [19.06-65.73]","38.67 [19.85-66.63]","38.92 [19.4-68.29]","38.63 [19.03-67.97]","39.01 [19.51-68.41]","36.36 [19.05-59.62]","36.21 [18.48-59.36]","36.41 [18.87-59.89]","37.79 [19.54-60.09]","37.81 [19.66-60.66]","37.79 [19.54-60.13]"
"Saint Kitts and Nevis","9.73 [7.38-12.55]","9.72 [7.36-12.51]","9.79 [7.45-12.66]","9.32 [7.22-11.79]","9.3 [7.18-11.75]","9.37 [7.26-11.88]","8.89 [6.65-11.65]","8.88 [6.58-11.58]","8.95 [6.68-11.8]","8.5 [6.45-10.7]","8.45 [6.45-10.62]","8.56 [6.44-10.91]","8.64 [6.52-10.92]","8.61 [6.5-10.86]","8.69 [6.52-11.06]","8.21 [6.29-10.61]","8.2 [6.3-10.55]","8.28 [6.25-10.78]","8.43 [6.43-10.8]","8.39 [6.46-10.77]","8.5 [6.34-10.95]"
"Saint Lucia","22.89 [11.92-49.95]","22.94 [11.96-50.09]","19.1 [9.02-43.47]","23.71 [12.04-51.31]","23.79 [12.09-51.33]","19.68 [9.44-46.11]","22.9 [11.35-46.48]","22.97 [11.4-46.64]","18.78 [9.24-42.16]","22.7 [11.24-46.87]","22.72 [11.27-46.92]","18.38 [8.94-43.24]","22.75 [11.66-48.98]","22.85 [11.71-48.98]","18.78 [8.9-42.6]","22.84 [11.86-48.65]","22.87 [11.9-48.64]","18.86 [9.22-43.23]","22.51 [11.73-49.9]","22.53 [11.78-49.92]","18.37 [8.71-45.4]"
"Saint Vincent and the Grenadines","22.72 [11.42-56.06]","23.09 [11.64-56.45]","20.37 [9.76-53.88]","23.09 [11.63-57.14]","23.39 [11.83-57.21]","20.75 [10.22-54.64]","22.62 [10.65-51.86]","22.94 [10.97-53.18]","20.35 [9.47-49.35]","22.29 [10.25-52.79]","22.72 [10.48-54.28]","19.82 [9.11-50.03]","22.33 [10.92-51.57]","22.68 [11.16-51.84]","19.68 [9.59-51]","22.27 [11.2-50.83]","22.61 [11.43-52.04]","19.79 [9.88-49.52]","22.02 [10.53-52.06]","22.46 [10.75-51.86]","19.68 [9.67-50.92]"
"Samoa","10.76 [3.12-33.68]","10.98 [2.95-38.08]","10.66 [3.22-31.92]","10.86 [3.08-34.83]","11.17 [3.05-39.52]","10.68 [3.3-32.12]","10.91 [3.03-35.67]","11.23 [2.95-38.54]","10.78 [3.23-34.11]","10.81 [2.96-36.17]","11.12 [2.9-41.25]","10.65 [3.11-34.1]","10.5 [2.9-34.63]","10.75 [2.67-38.41]","10.32 [3.09-33.13]","10.62 [2.95-36.32]","10.77 [2.71-39.76]","10.46 [3.08-34.21]","10.68 [2.98-36.03]","10.91 [2.87-39.53]","10.53 [3.03-33.16]"
"San Marino","10.06 [7.63-13.76]","10.06 [7.63-13.76]","","9.87 [7.35-13.33]","9.87 [7.35-13.33]","","9.14 [6.3-13.99]","9.14 [6.3-13.99]","","8.66 [6.47-11.63]","8.66 [6.47-11.63]","","8.89 [6.74-11.71]","8.89 [6.74-11.71]","","8.64 [6.41-11.55]","8.64 [6.41-11.55]","","8.59 [6.47-11.83]","8.59 [6.47-11.83]",""
"Sao Tome and Principe","39 [25.09-63.25]","38.38 [24.41-63.13]","39.17 [25.37-62.41]","37.43 [24.21-60.63]","37.01 [23.51-60.41]","37.77 [24.57-60.01]","36.13 [23.07-57.56]","35.84 [22.61-57.53]","36.44 [23.27-57.55]","36.54 [23.41-59.05]","36.48 [23.01-58.95]","36.85 [23.59-58.52]","30.57 [19.65-48.71]","30.39 [19.4-48.91]","30.78 [20.04-48.59]","36.02 [22.93-57.11]","35.67 [22.26-57.09]","36.23 [23.36-57.33]","36.72 [23.06-59.63]","36.56 [22.48-60.42]","36.86 [23.35-59.23]"
"Saudi Arabia","60.11 [49.34-79.21]","63.96 [51.81-84.91]","58.62 [48.22-78.12]","67.62 [55.06-93.63]","70.88 [55.89-97.74]","66.37 [53.9-92.81]","55.25 [45.29-72.14]","58.18 [47.57-76.21]","54.08 [44.11-71.52]","64.67 [51.96-87.87]","68.96 [54.94-92.05]","62.95 [50.76-86.68]","63.34 [51.26-85.48]","66.78 [53.21-90.21]","62.03 [50.54-84.63]","60.65 [49.99-81.85]","62.76 [51.09-82.55]","59.82 [49.32-81.72]","59.17 [48.88-78.49]","62.11 [50.23-82.17]","58.04 [47.96-78.02]"
"Senegal","59.78 [37.3-93.76]","59.77 [39.94-87.12]","59.77 [36.29-101.31]","66.17 [39.53-106.25]","65.85 [42.43-99.25]","66.61 [37.99-117.24]","60.24 [37.46-94.57]","60.85 [40.31-89.31]","59.37 [36.05-100.96]","56 [35.31-86.57]","56.53 [38.33-81.82]","55.4 [34.26-91.57]","56.92 [35.18-87.95]","57.21 [38.01-82.46]","56.59 [33.65-95.77]","55.76 [35.31-86.66]","55.98 [38.17-80.92]","55.49 [34.43-92.61]","54.74 [34.42-86.13]","53.55 [36.73-77.73]","56.23 [34.11-94.94]"
"Serbia","24.85 [22.81-28.12]","25.15 [23.36-28.49]","23.9 [21.38-26.89]","26.22 [24.2-29.68]","26.53 [24.8-30.22]","25.25 [22.63-28.47]","27.5 [25.28-31.35]","27.83 [25.87-31.93]","26.51 [23.75-30.03]","26.88 [24.67-30.54]","27.2 [25.24-31.09]","25.93 [23.14-29.47]","28.67 [26.46-32.58]","29.02 [27.09-33.22]","27.65 [24.93-31.5]","31.98 [29.62-36.3]","32.39 [30.39-37.03]","30.76 [27.73-34.86]","28.35 [25.8-32.08]","28.76 [26.47-32.74]","27.13 [24.26-30.92]"
"Seychelles","13.67 [9.16-22.21]","13.67 [9.13-22.33]","13.7 [9.03-22.16]","12.8 [8.46-21.31]","12.81 [8.46-21.43]","12.71 [8.53-21.5]","12.13 [8.05-20.62]","12.11 [8.07-20.42]","12.19 [8.26-20.96]","12.48 [8.29-21.1]","12.48 [8.28-21.03]","12.32 [8.4-21.17]","13.63 [9.29-22.19]","13.58 [9.21-22.27]","13.8 [9.19-22.32]","13.93 [9.51-22.49]","13.88 [9.41-22.57]","14.18 [9.43-22.71]","12.71 [8.42-21.26]","12.69 [8.4-21.33]","12.72 [8.54-21.53]"
"Sierra Leone","54.28 [29.84-95.3]","56.02 [29.72-99.87]","53.26 [29.65-91.44]","56.32 [30.78-99.13]","58.46 [30.77-103.69]","55.35 [30.71-96.94]","43.69 [24.09-71.68]","45.05 [24.68-80.65]","43.18 [23.94-71.66]","45.99 [25.42-76.28]","47.4 [25.76-84.96]","45.38 [25.05-74.57]","47.35 [24.97-82.61]","49.03 [25.71-88.89]","46.47 [25.04-81.88]","49.86 [27.37-84.88]","51.36 [27.84-91.84]","49.16 [27.27-83.21]","44.1 [24.14-72.02]","45.48 [24.92-80.75]","43.53 [24.16-72.68]"
"Singapore","17.24 [12.85-23.33]","17.24 [12.85-23.33]","15.35 [9.12-26.01]","17.04 [13.12-22.84]","17.04 [13.12-22.84]","15.25 [9.17-25.5]","14.16 [10.98-18.72]","14.16 [10.98-18.72]","12.51 [7.73-20.08]","14.31 [10.43-19.18]","14.31 [10.43-19.18]","12.83 [7.46-20.69]","15.45 [11.57-20.96]","15.45 [11.57-20.96]","14.07 [8.44-22.98]","13.35 [10.27-18.01]","13.35 [10.27-18.01]","12.02 [7.12-18.97]","12.84 [9.64-16.86]","12.84 [9.64-16.86]","11.45 [6.81-18.31]"
"Slovakia","17.82 [17.1-19.05]","18.27 [17.46-19.43]","16.78 [15.97-18.25]","18.71 [18-19.96]","19.21 [18.42-20.49]","17.61 [16.74-19.08]","19.04 [18.38-20.47]","19.54 [18.84-20.85]","17.92 [17.09-19.53]","19.52 [18.85-20.91]","20.05 [19.3-21.32]","18.35 [17.45-19.93]","19.78 [19.1-21.16]","20.32 [19.62-21.73]","18.58 [17.75-20.22]","22.03 [21.21-23.62]","22.59 [21.74-24.09]","20.74 [19.78-22.5]","21.24 [20.5-22.75]","21.78 [21.03-23.22]","20 [19.11-21.76]"
"Slovenia","16.29 [15.5-17.49]","16.77 [15.97-17.88]","15.32 [14.06-16.69]","17.33 [16.48-18.62]","17.86 [16.96-19.11]","16.33 [14.88-17.73]","17.76 [16.88-19.13]","18.42 [17.46-19.66]","16.57 [15.15-18.11]","18.05 [17.15-19.36]","18.66 [17.71-19.91]","16.93 [15.4-18.52]","18.06 [17.13-19.57]","18.65 [17.64-20.01]","16.95 [15.52-18.49]","20.25 [19.31-21.73]","20.88 [19.86-22.33]","19.06 [17.36-20.82]","18.69 [17.85-20.37]","19.31 [18.36-20.83]","17.57 [16.15-19.23]"
"Solomon Islands","11.12 [4.12-31.63]","11.8 [3.44-41.84]","10.99 [4.1-30.07]","10.93 [3.93-30.82]","11.62 [3.12-39.97]","10.81 [3.93-29.14]","10.51 [3.63-28.37]","11.36 [3.03-40.26]","10.45 [3.59-27.39]","10.63 [3.78-29.66]","11.52 [2.89-39.7]","10.51 [3.79-28.54]","10.66 [3.6-29.97]","11.94 [2.9-41.37]","10.54 [3.56-28.16]","10.54 [3.53-31.04]","11.35 [3-41.59]","10.45 [3.65-29.7]","10.5 [3.25-30.82]","11.51 [2.75-41.49]","10.4 [3.34-29.57]"
"Somalia","27.67 [17.9-43.35]","27.66 [16.55-45.86]","27.67 [18.11-42.85]","26.55 [17.39-40.72]","26.45 [16.18-43.58]","26.57 [17.41-40.96]","22.25 [15.2-34.8]","21.23 [13.83-32.97]","22.55 [15.23-35.28]","21.22 [14.84-33.98]","19.65 [13.22-31.64]","21.67 [14.99-35.15]","23.32 [15.86-36.06]","22.4 [14.34-35.39]","23.55 [15.82-36.37]","23.48 [15.8-36.06]","22.89 [14.46-36.08]","23.65 [15.77-35.99]","23.28 [15.48-35.04]","23.13 [14.48-36.53]","23.31 [15.45-34.79]"
"South Africa","25.15 [21.6-34.17]","29.42 [24.02-37.41]","22.24 [18.29-30.17]","27.11 [23.34-36.3]","30.88 [25.47-39.27]","24.47 [20.07-33.05]","24.1 [20.07-32.39]","26.86 [21.5-34.93]","21.87 [17.64-29.39]","24.09 [20.11-31.99]","26.79 [21.61-35.13]","22.08 [17.55-28.95]","22.91 [19.2-31.13]","26.07 [21.06-34.29]","20.77 [16.55-27.53]","23.54 [19.98-31.96]","26.78 [21.79-35.13]","21.48 [17.17-28.38]","24.5 [20.88-32.96]","27.83 [22.62-35.81]","22.38 [18.08-30.04]"
"South Sudan","34.75 [22.17-57.85]","34.57 [22.16-57.52]","34.77 [22.2-57.91]","36.67 [23.39-62.23]","36.47 [23.36-61.81]","36.7 [23.39-62.28]","30.53 [19.41-49.14]","30.42 [19.5-48.39]","30.55 [19.38-49.24]","33.08 [21.18-55.43]","32.91 [21.19-55.55]","33.1 [21.18-55.42]","33.52 [21.38-56.1]","33.29 [21.33-56.18]","33.55 [21.37-56.09]","33.62 [21.46-56.87]","33.36 [21.45-57.16]","33.66 [21.41-56.83]","32.3 [20.54-53.85]","32.07 [20.51-53.99]","32.33 [20.53-53.83]"
"Spain","9.2 [9.17-9.56]","9.51 [9.48-9.89]","7.97 [7.94-8.53]","10.08 [10.06-10.5]","10.4 [10.43-10.86]","8.75 [8.72-9.36]","9.63 [9.6-10.01]","9.94 [9.93-10.37]","8.41 [8.34-8.97]","10.7 [10.67-11.13]","11.04 [11.05-11.51]","9.32 [9.24-9.93]","11 [11-11.47]","11.38 [11.39-11.89]","9.59 [9.48-10.2]","12.11 [12.11-12.6]","12.53 [12.54-13.08]","10.55 [10.42-11.19]","11.48 [11.49-11.99]","11.87 [11.87-12.43]","10.03 [9.9-10.67]"
"Sri Lanka","16.54 [11.83-24.06]","16.77 [12.29-23.35]","16.33 [11.52-24.36]","19.33 [14.33-27.65]","19.89 [15.23-28.15]","18.69 [13.44-27.47]","20.06 [14.64-28.92]","20.66 [15.54-28.84]","19.47 [13.8-28.53]","21.84 [15.78-31.53]","22.57 [17.07-31.23]","21.09 [14.52-30.89]","21.63 [15.59-30.69]","22.4 [16.51-31.23]","20.87 [14.39-31.1]","20.59 [14.75-29.13]","21.31 [15.82-29.74]","19.9 [13.51-29.08]","24.76 [17.77-34.5]","25.65 [19.06-35.25]","23.91 [16.18-34.12]"
"Sudan","43.8 [27.75-77.74]","42.99 [25.92-82.26]","44.08 [28.39-78.74]","44.93 [28.41-80.08]","44.44 [26.56-85.54]","45.08 [28.8-80.33]","35.65 [23.65-61.3]","35.35 [22.14-63.37]","35.77 [23.87-61.08]","40.85 [26.62-70.74]","40.76 [24.32-77.55]","40.88 [26.37-71.13]","40.29 [25.87-70.85]","40.39 [24.06-76.84]","40.25 [25.79-70.54]","40.28 [26.03-69.63]","39.8 [23.93-74.87]","40.45 [25.99-70.94]","38.51 [24.96-67.79]","38.34 [23.43-71.24]","38.57 [25.01-66.99]"
"Suriname","26.48 [11.51-59.31]","30.2 [12-64.7]","20.61 [8.28-53.72]","27.03 [11.8-59.74]","30.58 [13.15-65.36]","21.03 [8.52-52.17]","26.31 [11.92-53.71]","29.43 [12.87-59.85]","20.39 [8.49-50.32]","26.38 [11.01-58.08]","29.37 [12.24-64.09]","20.16 [8.32-51.12]","26.41 [11.39-56.69]","29.28 [12.68-63.65]","20.39 [8.32-48.87]","25.01 [10.91-55.16]","28.33 [12.03-60.35]","19.38 [7.81-51.36]","25.04 [10.82-57.94]","28.19 [12.2-63.71]","19.33 [8.19-51.95]"
"Sweden","5.73 [5.6-6.28]","6.03 [6-6.71]","5.15 [4.84-5.68]","5.99 [5.88-6.6]","6.29 [6.3-7.04]","5.4 [5.09-5.96]","6.45 [6.27-7.02]","6.81 [6.72-7.5]","5.79 [5.41-6.33]","6.1 [6.01-6.74]","6.42 [6.42-7.19]","5.51 [5.19-6.11]","6.3 [6.2-6.94]","6.61 [6.6-7.37]","5.72 [5.38-6.33]","7.25 [7.14-8.01]","7.6 [7.65-8.53]","6.59 [6.26-7.32]","7 [6.85-7.68]","7.37 [7.32-8.19]","6.33 [5.96-7.02]"
"Switzerland","10.11 [9.86-10.46]","10.32 [10.04-10.65]","8.3 [7.96-8.72]","11.21 [10.92-11.59]","11.45 [11.13-11.82]","9.18 [8.78-9.66]","10.97 [10.64-11.28]","11.2 [10.82-11.5]","9.02 [8.63-9.52]","11.89 [11.54-12.22]","12.13 [11.74-12.47]","9.77 [9.33-10.29]","12.38 [12.04-12.77]","12.64 [12.24-13.01]","10.24 [9.78-10.77]","13.58 [13.21-14.04]","13.86 [13.45-14.28]","11.22 [10.73-11.82]","13.39 [13.02-13.81]","13.68 [13.26-14.08]","10.94 [10.43-11.53]"
"Syrian Arab Republic","37.43 [32.18-50.76]","35.58 [29.71-46.85]","46.76 [36.31-67.84]","38.94 [32.47-51.66]","36.99 [30.3-48.57]","47.3 [36.11-67.77]","37.71 [31.57-49.22]","36.14 [29.53-47.26]","43.9 [34.03-60.79]","37.73 [32.24-51.41]","35.99 [30-47.18]","46.24 [36.19-66.96]","36.52 [30.7-48.69]","34.81 [28.54-45.59]","44.08 [33.95-62.76]","35.99 [30.86-48.94]","34.38 [28.8-45.02]","44.34 [34.8-63.9]","39.47 [33.43-53.68]","37.6 [31.33-49.28]","48.3 [37.43-68.74]"
"Tajikistan","34.86 [19.99-76.11]","46.47 [25.83-102.04]","31.6 [17.66-66.79]","33.84 [19.26-74.22]","45.55 [23.98-99.12]","30.66 [17.26-65.75]","33.54 [18.29-71.28]","44.73 [23.15-98.4]","30.43 [16.32-64.38]","35.03 [19.51-77.16]","46.82 [24.44-105.82]","31.82 [17.24-69.51]","37.37 [20.6-82.29]","49.71 [26.6-108.09]","34.02 [18.06-70.72]","36.16 [20.41-81.36]","48.58 [24.81-110.19]","32.95 [17.81-70.91]","29.29 [16.52-66.54]","38.94 [20.76-89.94]","26.72 [14.53-58.5]"
"Thailand","29.83 [26.68-33.34]","31.88 [28.98-34.12]","28.3 [25.07-33.75]","26.79 [24.13-30.22]","28.43 [26.26-30.4]","25.64 [22.68-30.55]","28.4 [25.65-31.92]","30.17 [27.9-32.12]","27.15 [24.28-32.37]","30.93 [26.81-34.58]","33 [29.44-35.84]","29.53 [25.53-35.17]","29.88 [26.1-34.92]","31.98 [28.31-35.4]","28.52 [24.65-34.76]","26.66 [23.2-31.33]","28.63 [25.02-32.45]","25.45 [22.06-31.15]","32.3 [28.12-38.21]","33.84 [29.58-38.31]","31.31 [26.92-38.81]"
"Timor-Leste","16.34 [7.56-37.81]","17.69 [8-40.76]","15.88 [7.42-36.44]","14.99 [6.74-34.51]","16.19 [7.24-36.48]","14.54 [6.67-33.31]","14.84 [6.76-33.29]","16.12 [6.92-37.02]","14.5 [6.67-33.46]","16.17 [7.39-37.99]","17.86 [7.71-40.18]","15.84 [7.12-37.54]","16.68 [7.29-37.24]","18.16 [7.57-41.26]","16.25 [7.15-37.56]","15.91 [7.05-38.73]","17.53 [7.56-40.99]","15.55 [7.02-38.25]","18.15 [8.18-44.16]","19.96 [8.55-48.48]","17.78 [8.08-42.65]"
"Togo","45.48 [31.75-73.5]","46.08 [31.06-69.99]","45.09 [30.85-78.44]","46.16 [32.19-75.72]","46.46 [31.34-70.05]","45.89 [31.27-80.56]","37.28 [27.07-56.68]","38.11 [28.09-54.54]","36.83 [26.62-58.6]","40.69 [28.91-63.07]","41.91 [29.42-62.22]","39.93 [28.04-65.36]","39.2 [28.17-59.96]","40.59 [28.79-59.8]","38.48 [27.37-62.8]","41.47 [29.41-65.11]","42.55 [29.89-63.09]","40.8 [28.54-67.62]","38.56 [27.9-58.88]","39.49 [28.03-58.05]","38.07 [27.5-61.09]"
"Tonga","10.95 [3.66-27.83]","11.12 [3.5-29.37]","10.72 [3.8-26.68]","10.59 [3.3-27.07]","10.71 [3.12-28.88]","10.43 [3.54-25.35]","10.66 [3.26-28.66]","10.92 [3.1-30.25]","10.49 [3.41-27.66]","10.73 [3.1-28.75]","10.88 [2.98-30.34]","10.47 [3.3-27.49]","10.74 [3.28-28.09]","10.93 [3.09-30.01]","10.51 [3.51-26.75]","10.48 [3.38-28.28]","10.89 [3.26-29.82]","10.32 [3.48-27.09]","10.43 [3.27-29.42]","10.64 [3.11-30.79]","10.34 [3.45-27.81]"
"Trinidad and Tobago","23.32 [10.5-61.15]","24.41 [10.91-62.19]","22.59 [10.39-59.07]","23.84 [11.46-60.4]","24.88 [11.82-62.1]","23.03 [11.17-59.42]","23.11 [11.04-59.18]","24.18 [11.38-61.27]","22.24 [10.64-57.53]","23 [10.02-59.87]","24.07 [10.51-62.12]","22.15 [9.83-58.15]","22.49 [10.42-57.91]","23.57 [10.8-61.13]","21.6 [10.11-55.46]","22.32 [10.08-56.56]","23.48 [10.58-58.86]","21.46 [9.68-54.86]","22.22 [9.73-55.13]","23.23 [10.23-57.49]","21.36 [9.15-53.12]"
"Tunisia","33.27 [23.59-51.75]","32.48 [23.75-48.85]","35.34 [23.8-59.21]","30.65 [21.65-46.29]","30.36 [22.23-44.07]","31.33 [20.89-50.07]","31.24 [22.2-47.83]","30.95 [22.82-45.42]","31.9 [21.32-52.07]","31.06 [22.24-48.47]","30.41 [22.49-45.18]","32.71 [22.12-55.23]","27.33 [19.63-40.55]","26.99 [19.99-38.43]","28.09 [19.14-44.79]","29.02 [20.61-43.25]","28.79 [21.29-41.26]","29.48 [19.79-46.99]","31.72 [22.79-49.83]","31.06 [22.99-46.04]","33.24 [22.59-56.17]"
"Turkey","37.21 [33.53-43.14]","36.88 [33.45-43]","37.73 [33.35-43.28]","38.59 [34.64-44.85]","38.05 [34.48-44.42]","39.47 [34.8-45.26]","37.76 [34.2-43.61]","37.11 [33.8-43.31]","38.74 [34.26-44.25]","36.07 [32.83-41.91]","35.46 [32.45-41.61]","37.06 [32.89-42.77]","36.29 [32.5-42.42]","35.9 [32.17-42.13]","36.93 [32.36-42.45]","34.43 [30.98-40.07]","34.09 [30.64-39.9]","34.95 [30.98-40.75]","38.76 [35.93-44.78]","37.67 [34.77-44.05]","40.49 [36.48-46.14]"
"Turkmenistan","18.24 [12.89-35.91]","33.26 [18.63-55.87]","16.67 [10.67-32.01]","17.52 [12.25-33.44]","32.28 [17.88-56.47]","16.06 [10.44-29.49]","17.49 [12.37-32.58]","32.36 [17.55-53.61]","16.06 [10.84-29.4]","18.55 [13.37-34.37]","33.86 [18.08-56.59]","17.04 [11.53-31.73]","19.66 [14.46-36.58]","36.02 [20.03-61.71]","18.07 [11.75-33.64]","18.94 [13.47-35.13]","34.75 [19.5-58.2]","17.42 [11.23-32.33]","15.66 [10.6-30.46]","28.96 [15.52-49.13]","14.45 [9.27-27.93]"
"Tuvalu","8.5 [4.48-17.46]","","8.5 [4.48-17.46]","8.16 [4.18-17.15]","","8.16 [4.18-17.15]","7.6 [3.98-16.2]","","7.6 [3.98-16.2]","7.2 [3.85-15.26]","","7.2 [3.85-15.26]","7.42 [3.84-15.42]","","7.42 [3.84-15.42]","7.2 [3.85-14.64]","","7.2 [3.85-14.64]","7.28 [3.87-14.58]","","7.28 [3.87-14.58]"
"Uganda","42.75 [30.67-61.18]","45.74 [33.47-65.02]","41.96 [29.78-60.9]","41.44 [29.4-58.74]","43.86 [32.41-61.27]","40.81 [28.57-59.35]","38.9 [28.14-54.07]","41.11 [30.89-57.28]","38.31 [27.26-53.55]","38.61 [27.82-53.49]","40.49 [30.56-56.02]","38.13 [27.26-53.68]","40.03 [28.88-55.94]","42.1 [31.77-58.48]","39.48 [28-55.6]","38.12 [27.23-52.48]","39.91 [30.52-55.11]","37.65 [26.48-52.28]","37.47 [27.3-52.11]","38.69 [29.42-53.29]","37.16 [26.76-52.23]"
"Ukraine","13.98 [10.83-19.98]","14.93 [11.16-21.84]","12.71 [9.63-18.02]","15.22 [11.93-22.25]","16.27 [12.46-23.85]","13.84 [10.58-19.5]","15.97 [12.18-23.04]","17.06 [12.71-24.94]","14.5 [11.01-20.21]","16.1 [12.24-23.27]","17.17 [12.72-25.04]","14.67 [11.14-20.84]","15.9 [12.32-23.02]","16.95 [12.89-24.72]","14.52 [11.09-20.71]","16.69 [12.84-24.48]","17.82 [13.26-26.23]","15.21 [11.56-21.43]","17.11 [12.92-24.46]","18.17 [13.42-26.35]","15.68 [11.92-21.69]"
"United Arab Emirates","44.87 [33.67-60.44]","42.24 [30.07-61.53]","45.84 [34.77-59.82]","48.75 [35.7-65.34]","46.01 [31.75-68.35]","49.63 [36.86-65.47]","40.42 [31.47-53.55]","38.31 [28.17-54.85]","41.17 [32.28-53.96]","45.38 [34.36-60.42]","42.77 [30.51-61.78]","46.19 [35.42-59.81]","44.35 [33.75-59.4]","41.81 [29.95-60.36]","45.23 [34.9-58.71]","43.24 [33.05-57.53]","40.69 [29.45-58.5]","44.1 [34.13-57.31]","43.38 [33.15-57.54]","40.6 [29.47-58.4]","44.34 [34.27-57.21]"
"United Kingdom of Great Britain and Northern Ireland","10.33 [9.89-10.66]","10.45 [10.04-10.81]","8.09 [7.53-8.59]","10.76 [10.33-11.14]","10.88 [10.48-11.3]","8.53 [7.96-9.06]","10.44 [10.04-10.8]","10.56 [10.18-10.96]","8.31 [7.76-8.84]","11.64 [11.15-12.06]","11.77 [11.31-12.23]","9.22 [8.58-9.77]","11.83 [11.33-12.24]","11.96 [11.49-12.39]","9.4 [8.77-9.95]","13.19 [12.66-13.66]","13.34 [12.85-13.84]","10.44 [9.79-11.06]","12.57 [12.06-12.96]","12.71 [12.23-13.16]","9.97 [9.28-10.56]"
"United Republic of Tanzania","26.73 [19.32-40.46]","24.57 [17.5-36.75]","27.51 [19.79-41.14]","25.76 [18.68-38.56]","24.02 [17.19-36.01]","26.4 [19.05-39.2]","26.39 [18.79-38.78]","24.16 [17.12-35.68]","27.13 [19.23-39.73]","27.13 [19.54-40.95]","23.76 [17.36-36.04]","28.27 [20.09-42.28]","27.02 [19.37-40.37]","24.53 [17.49-36.2]","27.83 [19.74-41.27]","25.22 [18.17-36.91]","23.22 [16.66-34.55]","25.85 [18.51-37.84]","25.23 [18.12-36.81]","22.84 [16.52-34.27]","25.97 [18.44-37.66]"
"United States of America","7.43 [7.35-7.58]","7.67 [7.59-7.84]","6.36 [6.13-6.39]","8.2 [8.1-8.34]","8.46 [8.33-8.61]","7.08 [6.85-7.15]","8.51 [8.38-8.64]","8.76 [8.61-8.89]","7.45 [7.17-7.48]","8.58 [8.46-8.7]","8.83 [8.69-8.95]","7.5 [7.25-7.55]","8.94 [8.79-9.05]","9.2 [9.03-9.32]","7.8 [7.53-7.85]","9.29 [9.1-9.37]","9.56 [9.36-9.64]","8.15 [7.81-8.15]","9.19 [9-9.26]","9.44 [9.24-9.52]","8.11 [7.79-8.11]"
"Uruguay","9.95 [8.47-13.13]","9.99 [8.55-13.09]","9.6 [6.8-15.25]","9.89 [8.31-13.2]","9.92 [8.47-12.94]","9.6 [6.77-15.29]","9.64 [8.18-12.89]","9.66 [8.35-12.69]","9.33 [6.63-14.83]","9.86 [8.23-13.19]","9.88 [8.35-12.94]","9.6 [6.73-15.28]","9.17 [7.48-12.12]","9.19 [7.64-11.99]","8.92 [6.07-13.6]","9.3 [7.68-12.18]","9.32 [7.82-12.3]","8.99 [6.15-14.05]","9.07 [7.45-12.08]","9.09 [7.5-11.93]","8.83 [6.12-14.11]"
"Uzbekistan","28.3 [17.13-58.59]","33.86 [18.86-71.21]","23.97 [14.79-51.78]","27.05 [17.46-55.63]","32.22 [18.95-66.72]","22.85 [14.25-48.62]","26.95 [16.69-53.58]","32.05 [17.74-65.66]","22.83 [13.83-48.7]","28.48 [17.6-59.69]","33.99 [18.89-69.42]","24.11 [14.67-51.08]","30.27 [18.2-63.89]","36.15 [19.93-71.93]","25.59 [15.95-59.04]","29.14 [18.07-60.79]","34.6 [18.92-70.04]","24.66 [15.38-58.34]","23.88 [14.62-51.17]","28.36 [15.31-56.79]","20.2 [12.37-47.8]"
"Vanuatu","10.5 [3.62-31.29]","11.12 [3.38-36.71]","10.28 [3.68-28.85]","10.61 [3.61-32.26]","11.05 [3.53-38.49]","10.36 [3.61-30.64]","10.56 [3.63-32.15]","11.45 [3.55-38.2]","10.34 [3.53-30.71]","10.66 [3.49-33.62]","11.36 [3.44-40.27]","10.48 [3.49-32.01]","10.69 [3.43-33.56]","11.39 [3.26-40.27]","10.49 [3.58-32.02]","10.58 [3.56-35.62]","11.29 [3.33-40.95]","10.38 [3.63-33.84]","10.59 [3.54-33.07]","11.28 [3.22-39.89]","10.35 [3.63-31.46]"
"Venezuela (Bolivarian Republic of)","20.26 [15-31.07]","20.11 [14.97-30.32]","20.44 [14.54-32.51]","20.63 [15.2-31.31]","20.46 [15.3-30.97]","20.83 [14.39-33.16]","21.19 [15.49-31.45]","21.06 [15.44-31.66]","21.35 [14.85-33.33]","21.63 [15.89-33.5]","21.49 [15.99-32.55]","21.81 [15.49-35.11]","21.61 [16.05-33.34]","21.46 [16.1-32.89]","21.8 [15.45-34.99]","22.71 [17.04-34.51]","22.59 [17.13-33.78]","22.87 [16.01-36.28]","21.8 [16.42-33.57]","21.65 [16.43-32.56]","22 [15.35-35.23]"
"Viet Nam","22.01 [17.97-25.44]","23.75 [19.57-27.58]","19.05 [15.52-23.04]","20.63 [16.71-24.52]","22.46 [18.49-26.71]","17.62 [14.23-21.51]","21.32 [17.46-24.37]","23.02 [19.18-26.72]","18.43 [14.87-22.02]","23.23 [18.81-26.73]","25.12 [20.66-29.01]","19.93 [16.03-24.08]","22.57 [18.25-26.54]","24.51 [20.19-28.89]","19.44 [15.65-23.84]","21.08 [16.78-24.62]","22.79 [18.45-26.77]","18.32 [14.63-22.31]","25.7 [20.22-29.93]","27.88 [22.43-32.92]","22.22 [17.45-26.79]"
"Yemen","41.46 [24.62-78.11]","40.26 [22.59-78.88]","42.12 [25.13-79.37]","46.11 [26.46-89.99]","44.56 [24.48-88.85]","47.08 [27.2-92.65]","38.67 [23.27-70.82]","37.91 [21.54-72.41]","39.04 [23.74-70.47]","44 [25.45-84.43]","42.68 [23.62-85.05]","44.67 [26.01-84.92]","44.61 [25.86-84.65]","43.33 [24.01-85.14]","45.3 [26.64-86.85]","41.96 [24.77-78.22]","40.6 [22.86-78.96]","42.68 [25.4-80.04]","36.68 [22.25-66.04]","35.74 [20.66-67.13]","37.12 [22.76-65.79]"
"Zambia","30.79 [19.25-51.22]","29.42 [16.1-50.07]","31.45 [19.42-52.33]","31.99 [19.77-53.73]","30.02 [16.29-52.32]","32.92 [20.19-55.78]","29.34 [18.52-47.66]","27.81 [15.49-47.04]","30.04 [18.69-48.73]","30.82 [19.33-51.24]","29.35 [16.12-49.92]","31.51 [19.42-52.45]","30.65 [19.2-50.74]","29.56 [16-49.95]","31.21 [19.42-51.61]","30.14 [19.05-49.53]","28.97 [15.96-48.94]","30.69 [19.04-50.22]","29.9 [18.88-48.9]","28.75 [15.88-48.57]","30.43 [18.89-49.59]"
"Zimbabwe","25.18 [15.94-42.19]","24.56 [14.63-43.73]","25.45 [16-42.58]","26.42 [16.34-44.42]","25.45 [15.03-45.34]","26.79 [16.68-44.23]","24.51 [15.47-40.88]","24.06 [14.41-42.89]","24.67 [15.65-40.58]","24.64 [15.63-40.97]","23.64 [14.2-41.61]","25.12 [15.88-41.26]","25.22 [15.84-42.45]","24.62 [14.72-43.76]","25.52 [16-42.64]","24.58 [15.63-40.85]","23.57 [14.2-41.43]","25.05 [15.84-41.18]","24.66 [15.7-40.92]","23.55 [14.19-41.36]","25.17 [15.93-41.26]"
